:020000040000fa
:04005c00b8030000e5
:020000040000fa
:04001000b803000031
:020000040000fa
:04025c00b8030000e3
:020000040000fa
:04021000b80300002f
:020000040000fa
:04027400b8030000cb
:020000040000fa
:04033400b80300000a
:020000040000fa
:04027000b8030000cf
:020000040000fa
:04022c00b803000013
:020000040000fa
:04023c00b803000003
:020000040000fa
:0402bc00b803000083
:020000040000fa
:0402c000b80300007f
:020000040000fa
:0402c400b80300007b
:020000040000fa
:04022800b803000017
:020000040000fa
:04027800b8030000c7
:020000040000fa
:04029c00b8030000a3
:020000040000fa
:04026000b8030000df
:020000040000fa
:04026400b8030000db
:020000040000fa
:04027c00b8030000c3
:020000040000fa
:04028000b8030000bf
:020000040000fa
:04028400b8030000bb
:020000040000fa
:04028800b8030000b7
:020000040000fa
:0402b000b80300008f
:020000040000fa
:0402b400b80300008b
:020000040000fa
:0402b800b803000087
:020000040000fa
:04023800b803000007
:020000040000fa
:0402c800b803000077
:020000040000fa
:0402d000b80300006f
:020000040000fa
:0402d400b80300006b
:020000040000fa
:0402d800b803000067
:020000040000fa
:0402e000b80300005f
:020000040000fa
:0402e400b80300005b
:020000040000fa
:0402e800b803000057
:020000040000fa
:0402f400b80300004b
:020000040000fa
:0402f800b803000047
:020000040000fa
:0402fc00b803000043
:020000040000fa
:04030000b80300003e
:020000040000fa
:04030400b80300003a
:020000040000fa
:04030800b803000036
:020000040000fa
:04030c00b803000032
:020000040000fa
:04031000b80300002e
:020000040000fa
:04031400b80300002a
:020000040000fa
:04031800b803000026
:020000040000fa
:04031c00b803000022
:020000040000fa
:04032400b80300001a
:020000040000fa
:04032800b803000016
:020000040000fa
:04033800b803000006
:020000040000fa
:04033c00b803000002
:020000040000fa
:04034000b8030000fe
:020000040000fa
:04034400b8030000fa
:020000040000fa
:04034800b8030000f6
:020000040000fa
:04026c002a03000061
:020000040000fa
:0402f000b80300004f
:020000040000fa
:04021800b803000027
:020000040000fa
:04023000b80300000f
:020000040000fa
:04024000b8030000ff
:020000040000fa
:04028c00b8030000b3
:020000040000fa
:04029000b8030000af
:020000040000fa
:0402cc00b803000073
:020000040000fa
:04020c00b803000033
:020000040000fa
:0402dc00b803000063
:020000040000fa
:04032000b80300001e
:020000040000fa
:04020800b803000037
:020000040000fa
:04021c00b803000023
:020000040000fa
:04022000b80300001f
:020000040000fa
:04022400b80300001b
:020000040000fa
:04026800040300008b
:020000040000fa
:0402ec00b803000053
:020000040000fa
:04024c00b8030000f3
:020000040000fa
:040250005003000057
:020000040000fa
:0402a800b803000097
:020000040000fa
:0402ac00b803000093
:020000040000fa
:04021400b80300002b
:020000040000fa
:04023400b80300000b
:020000040000fa
:04024400b8030000fb
:020000040000fa
:04024800b8030000f7
:020000040000fa
:04029400dc02000088
:020000040000fa
:04029800b8030000a7
:020000040000fa
:04032c00b803000012
:020000040000fa
:04025400b8030000eb
:020000040000fa
:04025800b8030000e7
:020000040000fa
:04033000b80300000e
:020000040000fa
:0402a000b80300009f
:020000040000fa
:0402a400b80300009b
:020000040000fa
:04007400b8030000cd
:020000040000fa
:04013400b80300000c
:020000040000fa
:04007000b8030000d1
:020000040000fa
:04002c00b803000015
:020000040000fa
:04003c00b803000005
:020000040000fa
:0400bc00b803000085
:020000040000fa
:0400c000b803000081
:020000040000fa
:0400c400b80300007d
:020000040000fa
:04002800b803000019
:020000040000fa
:04007800b8030000c9
:020000040000fa
:04009c00b8030000a5
:020000040000fa
:04006000b8030000e1
:020000040000fa
:04006400b8030000dd
:020000040000fa
:04007c00b8030000c5
:020000040000fa
:04008000b8030000c1
:020000040000fa
:04008400b8030000bd
:020000040000fa
:04008800b8030000b9
:020000040000fa
:0400b000b803000091
:020000040000fa
:0400b400b80300008d
:020000040000fa
:0400b800b803000089
:020000040000fa
:04003800b803000009
:020000040000fa
:0400c800b803000079
:020000040000fa
:0400d000b803000071
:020000040000fa
:0400d400b80300006d
:020000040000fa
:0400d800b803000069
:020000040000fa
:0400e000b803000061
:020000040000fa
:0400e400b80300005d
:020000040000fa
:0400e800b803000059
:020000040000fa
:0400f400b80300004d
:020000040000fa
:0400f800b803000049
:020000040000fa
:0400fc00b803000045
:020000040000fa
:04010000b803000040
:020000040000fa
:04010400b80300003c
:020000040000fa
:04010800b803000038
:020000040000fa
:04010c00b803000034
:020000040000fa
:04011000b803000030
:020000040000fa
:04011400b80300002c
:020000040000fa
:04011800b803000028
:020000040000fa
:04011c00b803000024
:020000040000fa
:04012400b80300001c
:020000040000fa
:04012800b803000018
:020000040000fa
:04013800b803000008
:020000040000fa
:04013c00b803000004
:020000040000fa
:04014000b803000000
:020000040000fa
:04014400b8030000fc
:020000040000fa
:04014800b8030000f8
:020000040000fa
:0400f000b803000051
:020000040000fa
:04001800b803000029
:020000040000fa
:04003000b803000011
:020000040000fa
:04004000b803000001
:020000040000fa
:04008c00b8030000b5
:020000040000fa
:04009000b8030000b1
:020000040000fa
:0400cc00b803000075
:020000040000fa
:04000c00b803000035
:020000040000fa
:0400dc00b803000065
:020000040000fa
:04012000b803000020
:020000040000fa
:04000800b803000039
:020000040000fa
:04001c00b803000025
:020000040000fa
:04002000b803000021
:020000040000fa
:04002400b80300001d
:020000040000fa
:0400ec00b803000055
:020000040000fa
:04004c00b8030000f5
:020000040000fa
:0400a800b803000099
:020000040000fa
:0400ac00b803000095
:020000040000fa
:04001400b80300002d
:020000040000fa
:04003400b80300000d
:020000040000fa
:04004400b8030000fd
:020000040000fa
:04004800b8030000f9
:020000040000fa
:04009800b8030000a9
:020000040000fa
:04012c00b803000014
:020000040000fa
:04005400b8030000ed
:020000040000fa
:04005800b8030000e9
:020000040000fa
:04013000b803000010
:020000040000fa
:0400a000b8030000a1
:020000040000fa
:0400a400b80300009d
:020000040000fa
:080000000002040000000000f2
:020000040000fa
:100400002f4e21000e7f22000e0188000000000008
:10041000000020000000e000020032000001200087
:100420002002880014000700d30007000000e0004d
:1004300003003a0000db2500010020000200370025
:100440000000200001002000810f70000100320038
:1004500014000700000020000000e000020032004d
:1004600000000200000000009c720200000000007a
:100470000040da000000fe004440a90040042000d3
:100480000000e0000300320000002000a00188000e
:100490004440a800000006008a1f78008b1f7800e7
:1004a0000000060091018800800478000000eb0045
:1004b0001a003700e284440032a0b4009905ba0063
:1004c000e284440032a0b4009906ba00e2844400f9
:1004d00032a0b4000006eb00476fde00fd07b2005b
:1004e000636ce10003003a00ebff07000000eb0043
:1004f0000a003700606ce10004003a00005deb0088
:100500008b05e900fdff3e00040037006168e10053
:10051000010032000086eb000b00070019c7ba008b
:100520001905ba000e04e00003003a000a00e000da
:10053000e0ff3a0000000600fe07b2009e018800be
:100540008a047800f5ff3700395dba008b05e900b1
:100550000c003200295dba008b05e900080032006a
:100560000c00e00003003a00e284440032a0b40032
:10057000f5ff370019ddba008b05e900faff3a00f4
:100580008904e800e184440032a0b40000000600c1
:10059000000000000000000000000000000000005b
:1005a000000000000000000000000000000000004b
:1005b00000000000000000003600f800809fbe0030
:1005c000829fbe00849fbe00869fbe003400f8005c
:1005d00000002000a00188000000fa008760a90048
:1005e000e0468000000001000080fa003400f900bd
:1005f0004f03be004f02be004f01be004f00be00c1
:100600003600f900004006003600f800809fbe006a
:10061000829fbe00849fbe00869fbe003400f8000b
:1006200000002000a00188000000fa008600a90058
:10063000993307000080fa003400f9004f03be0030
:100640004f02be004f01be004f00be003600f90051
:10065000004006003600f800809fbe00829fbe006a
:10066000849fbe00869fbe003400f800000020007a
:10067000a00188000000fa008620a900a633070028
:100680000080fa003400f9004f03be004f02be00a4
:100690004f01be004f00be003600f90000400600ca
:1006a0003600f800809fbe00829fbe00849fbe007f
:1006b000869fbe003400f80000002000a0018800e2
:1006c0000000fa00e1c8bf000004e00020003a008a
:1006d000604680000000e90041128000014178007e
:1006e0002147210082707800e0c8bf008080fb00b5
:1006f00060468000808f50000a0034005146800020
:100700006046800000804000104078000080fb00c0
:1007100040128800604680000000e80060468800c3
:100720000b003700704680000000e000050032003a
:1007300072468000e0c8bf0080407800204721005a
:100740000200010010c0b300e1e8b7009540a90025
:100750000080fa003400f9004f03be004f02be00d3
:100760004f01be004f00be003600f90000400600f9
:100770000040da000000fe0000000500839f6800d2
:100780000100e00002003d0060001000e080180061
:100790000300e00002003d0060011100e08119004b
:1007a000370007004f00e00002003b00600010002f
:1007b000e0801800000006000001be001b000700da
:1007c0000470a70003f0a10003f8a30013003a008f
:1007d0006509b10010003200090035006928e10008
:1007e0000200350001002800000005000000400064
:1007f000818048008502e900fcff3a000000060005
:10080000f88f4200050035008100d1000080d30040
:100810008502e800fcff3a00000006008000eb00c3
:10082000000005006011b800c5023700c70ade00ed
:10083000f107b200f50fb20008003200e1cf42002c
:10084000020032000170a00024000500810f70003a
:10085000010032000408050044000500810f70000b
:1008600002003a00140005008502e9000000400083
:1008700081c04800fcff3b000170a000240005007f
:100880006022b800060220000000d0008180d20063
:100890000482d2008582d2000000a0000202520031
:1008a00083825a00030031000202420083824a0020
:1008b0000000a1000603e900f3ff3a000000060073
:1008c00007f82700078361000638e10004003a00ba
:1008d000f7072000878361008703710001003a0059
:1008e00003f0a200889fbe008a9fbe008c9fbe00be
:1008f000470ade000480a100c71ade000580a100bf
:10090000070028000785600087856100f70f200039
:100910000720e1009e0032000728e1009c00320021
:10092000010678000400e000b4003200f707200060
:10093000878060000170a0000500e000c000320068
:10094000f7072000878161000370a00005065200b0
:100950000f003a000b50e1000b0032000308e100e9
:1009600002003a000200e1007e0032000204500062
:1009700083845800040031000001fd008101fd0066
:100980008402fd008a05fd006044b80021003700a4
:100990000520e10005003d000001fd008101fd0092
:1009a0008402fd008a05fd00050652007a60e10020
:1009b000050035000170a1004722dd008480700031
:1009c0008a807000630037006044b800ef02660060
:1009d00007ff2f00070666000500e0000600340050
:1009e000f08312008714dd000511de00071bdd0017
:1009f000060171008519de007060e1000500350018
:100a00000904780082047800030178008001eb007b
:100a1000700656000b50e10003003a00020040004f
:100a2000838048000400370060041400e0841c0048
:100a300002005800838058000188a300060032009d
:100a40008100d1000080d3008984d3000884d300c2
:100a50000402e800270037000178a30025003a00cf
:100a60000100e000030032008186cf006986560055
:100a70000a0037008c0020000000e00004003a006b
:100a800009007800880478000004eb00700252002e
:100a90008086cf000d0646000c06e9007060e1007c
:100aa000060035008000780009007800880478008e
:100ab0000004eb0070065600700252000c00e000cb
:100ac0000c0034008c08dd00f00316000703de0084
:100ad000868070000c00dd00074bde000600700011
:100ae0008c4cdd000743de00868474000c44dd007e
:100af0000c0252006120e10020003500610160001d
:100b00000700280087816400f7ff270087836400bf
:100b1000070374000300e000060032008203730044
:100b2000040032000000e800e08048000188a300d3
:100b30000e003a00f70f20000720e1004a003d00b8
:100b40000170a1004722dd00810072008a807000e0
:100b50000000be004f06be004f05be004f04be00a1
:100b6000000006006000b800faff37008100d100e5
:100b70000080d3000402e800eeff37000401780093
:100b8000890174001b0107008a807000f1ff3700a3
:100b900042010700070278000001fd008101fd000d
:100ba0003e01070087027800850372000778a300e2
:100bb000040032000001fd008101fd005101070029
:100bc000e4ff3700850362000768a30008003200d5
:100bd0000b50e10003003200f0ff2f00f1ff27006f
:100be000dcff37000001fd008101fd00d9ff370067
:100bf0000468a300d7ff3200faff3700f8ff270090
:100c0000888360000b003a000000e00009003a0011
:100c10008303640082837300020032000200be007e
:100c2000ccff37000b50e100ceff3a000200be00bf
:100c3000c8ff370014002000810064003eff370029
:100c4000f8ff27008883610004003a000200e000fa
:100c500002003a008c007800beff3700150020002b
:100c60008301640039ff370001f8270000002000ed
:100c700081007500b7ff3700889fbe008a9fbe00c5
:100c80008c9fbe001b0020000202be00058668008b
:100c900006002800060666004709de00f20fb200d3
:100ca000820032000243e80080003200c729de00e3
:100cb000f30fb2007d0032000343e8007b003200f6
:100cc000f107b2000170a000f507b2000570a000a6
:100cd000c708dd004903de00868070004700dd00a4
:100ce000c72add004923de00868272004722dd002c
:100cf00003055100040350008583580003003100b0
:100d000000004000818048000a05e9008c1f78003f
:100d10008a9fbe00040050008580580004024200f3
:100d200085824a0000004000818048000005eb00f9
:100d30000004be006033b8000406be000d48e100a8
:100d400056003100110009004dccd8000c01b8004c
:100d50000d02b8008481410060824a008283530002
:100d600003045c0084845c0060055d000a00e00010
:100d700025003a00800578000d40e100490031006f
:100d80008800780007007800110009004d88d8001d
:100d90000c01b8000d02b8008481410060824a0055
:100da0006003110083835b0004045c00e0845c004a
:100db0000900e00021003a004f01be000300e000fe
:100dc0002b003200e3016000070673008c81710084
:100dd00001003200640070004200de004e5edd0063
:100de0000c007000c258de0001e0a000ce00070039
:100df000cf017800818071004f06be004f05be0014
:100e00004f04be00000006008c8343000d044c001c
:100e1000e0844c0060054d000000e9000a00e0009d
:100e2000d4ff32008c8343000d044c00e0844c005e
:100e300060054d000000e900ceff37000c034300c1
:100e40008d834b0060044c00e0844c000000e900fe
:100e50000900e000d8ff32000c0343008d834b00f3
:100e600060044c00e0844c000000e900d2ff370031
:100e70004200de004e5edd000c007000c258de0055
:100e800001e0a000cf0178000300e000daff3200ab
:100e900060001000e0801800d7ff3700f0ff2f003f
:100ea000aaff3700f0ff2f00b9ff37000404be008f
:100eb0007a000700870678000004fd008104fd0029
:100ec00076000700078366000678a300030032005f
:100ed0000960a7000800be002c0037000d78a300b1
:100ee000020032000800be00280037000778a30087
:100ef00026003a0001f0a10009f0a1000668a30055
:100f000003003200f1ff2700f0ff2f00baff370087
:100f10000d68a300030032000800be008c80700042
:100f2000b5ff37000768a30007003a000648a30092
:100f300003003200f1ff2700f0ff2f00aeff370063
:100f40000d48a300030032006000b8008c807000e0
:100f5000a9ff37000748a3000400320001f827006a
:100f6000000020008c807000a3ff3700c100070044
:100f70000004fd008104fd0002057800bd000700ab
:100f80000802be008a01780059ff37000160a00006
:100f9000120220003247880097ff37000100e0006e
:100fa000120032000500e00010003200889fbe00f1
:100fb0008a9fbe008c9fbe000006eb0001f8a300d4
:100fc0000300320060001000e08018000cf0a00068
:100fd00005f8a3000300320060021200e0821a004c
:100fe0000cf0a2008005eb0041ff37006000b80064
:100ff000020005000100e00026003200610111003e
:101000007810e10023003c006022b8007010e1007d
:101010000400350080027800010078008000eb00b9
:10102000700151000200e00009003400700311005b
:10103000062add00822ade008603dd008782720038
:101040000200de00860bdd00070070008208de0073
:1010500084817100f4ff27000482620084817100a2
:1010600004002800848262006102600005f0a6008e
:101070000000060004827100070032000000e80052
:10108000e0804800000006000002be006000b800da
:10109000efff37006000b8000000060027002000c6
:1010a00001f0a70017002000470bde00f60fb2008a
:1010b000040032000643e8000a0032004702b30091
:1010c0000000060001037800f607b2000603700076
:1010d00002003a000703b300000006008702b300d5
:1010e0000000060001037800f607b2000603700056
:1010f000020032000770a000000006000760a00098
:10110000000006000478a300040032000578a30064
:10111000030032000168a30001003a000200be0093
:101120000160a0000000060081017000270032006d
:101130008002eb0001f8a300030032006000100001
:10114000e080180015002000f40720000202420091
:1011500020003400f703200087036000060420000d
:101160000003630002082000000161004700de0068
:10117000c909dd0000807100c708de000600e0003c
:101180000800320087037100060032001000b00032
:101190000180b0000188a30002003200c108de0017
:1011a0000402e800f107b200f30f20000320e10081
:1011b00003003d004722dd00810072002900370056
:1011c00001f827000000eb00260037006000b8009f
:1011d00000000600680212007f20e10002003400d7
:1011e0006000b8001f0037006011b8007020e100f7
:1011f0000400350080017800010078008000eb00d9
:10120000700252000400e00009003400f0031200f4
:101210000719dd008419de000703dd0086817100f7
:101220000400de00070bdd00060070008408de000d
:10123000f7ff2700838363008703710006002800ff
:1012400003036300070032000700e00003003a00d8
:101250006101600002817300020032001000b000e2
:101260000180b0000500a6000000060001f0a0000b
:10127000000006004f0ade004709de00f107b20059
:10128000f20fb2000b003200f207b1000170a000b3
:10129000c708dd00c901de00838070004700dd0063
:1012a0000400a6000000060060001000e0801800a6
:1012b00000000600810f700001003a0000000600e7
:1012c0008182cf000500e00010003e008082cf0048
:1012d000ee8242007028e1000400390007003e0061
:1012e000800078000000eb000e00370070831200d1
:1012f0008600de000500dd000a0037007083520022
:101300008600dd000000eb0006003700e28252009c
:101310008508dd00708312000603de008680700001
:101320000500dd007507b0000501ea000400a60015
:101330000000060060001000e080180000000600b9
:10134000889fbe008a9fbe00008270000402710068
:1013500004827100260032000004be000200be00bc
:101360006011b8006b092000950220000182cf00b7
:101370000a0039000541b1000082cf0007003900a2
:101380000541b1000982cf00040039000541b100d8
:101390000882cf00010039000541b100054252002a
:1013a000120032000a003b0082817100610164007a
:1013b0008100d1000080d3008984d3000884d30049
:1013c0008b05e8000442e800f7ff3a000700370009
:1013d0000804440089844c000000480081804800d3
:1013e0008b05e9000442e900f9ff3a000300070019
:1013f0004f05be004f04be00000006008100200023
:10140000618055000b003d000b00200061fe2f00a5
:101410000100e1001d00340082817100610164005f
:101420008904d1000884d3000000e800faff3a00e4
:101430007100200061006400030070000200600081
:101440000900320061044400e0844c000988a500d2
:10145000050032008b05e8006808e10002003a0050
:101460008904d1000884d300f20f20000258e10063
:1014700005003d00c75ddd00f907b20089807500f9
:1014800008007800000006000bf827008b007800a9
:10149000000005008000eb00a60137008000780006
:1014a0001000200002022000828f50000400320051
:1014b000e9805000e48f5000010036000000eb008e
:1014c00000000600889fbe008a1f78000005780093
:1014d0000a047800984478000805e8000900fb0039
:1014e000eeff07000000e000f9ff3a00b0c2b300d1
:1014f00080cf540005003200d0c2b3008000eb0062
:1015000080cf540005003a00020037008000eb0055
:1015100001003700110020000804e8000000eb0083
:10152000030037006a02b900020052000003b00055
:101530003801fb0003fd2f0082814100e98f51003b
:10154000f8ff36000100e00001003a000000ea0068
:101550004f0578004f04be000000060080007800b0
:101560001000200002022000828f50000400320090
:10157000e9805000e48f5000010036000000eb00cd
:1015800000000600889fbe008a9fbe00000578000c
:101590008a047800194478000905e8000800fb0077
:1015a000eeff07000000e000f9ff3a00b0c2b30010
:1015b000804f540004003200d0c2b300804f54006a
:1015c00006003a00020037000004eb00010037007b
:1015d000180020008904e800010037000004eb0037
:1015e0006000b80006003700a200200003002000c1
:1015f0003b160700cfd5de000a0050008b80580054
:101600003905fb000a03b100e90f5500f6ff36006b
:101610000800e00002003a0060001000e0801800be
:101620004f05be004f04be00000006008000780099
:101630001000200002022000828f500004003200bf
:10164000e9805000e48f5000010036000000eb00fc
:1016500000000600889fbe008a1f78008004780082
:10166000090578001a4478008a04e8000800fb00a5
:10167000eeff07000000e000f9ff3a00b0c2b3003f
:10168000804f540004003200d0c2b300804f540099
:1016900006003a00020037000004eb0001003700aa
:1016a000180020000a05e800010037000004eb00e4
:1016b0006000b8006011b80009003700a4002000e5
:1016c000050020006033b800e31907004fcade00b0
:1016d0000900500084805800040159008481590099
:1016e000ba04fb000903b100e98f5400f3ff360090
:1016f0000800e00006003a006022b8006033b8003d
:101700000000520081805a0002015b0083815b006f
:101710004f0578004f04be000000060001003700ae
:101720000201e9000200e0000500320030427800ca
:10173000b1417800834f5200f9ff320001003700b9
:10174000000005000480fb008381fb0003005000c3
:10175000000006008001780002003700b1597800cf
:101760000201e9000200e000fcff3a000000060070
:101770008001780081027800810f50003b00320028
:1017800002824000840f500003003100020240003a
:10179000848f500001003900eeff3700008268009e
:1017a000810f50001b0031000408a3000500320027
:1017b000150037000200e0002c0032000201e900b1
:1017c000b15978000308a300faff3a000303780038
:1017d000820278000102780002003700b419780014
:1017e0000281e900e10f5100fcff3e0061816200cf
:1017f0000500a100850143008582400002003700fa
:10180000b55978000201e9000200e000fcff3a004f
:10181000000006000408a30012003a00040037008c
:101820000200e000110032000201e900617079005d
:10183000820140000308a300f9ff3a00820178000a
:10184000020037000281e90061307900e10f5100a8
:10185000fcff3e0061816100020037000201e900e7
:10186000617079000200e000fcff3a000000060011
:10187000889fbe008a9fbe00800478000200e000be
:101880005b00320001407800814c78008281440086
:10189000f1f99f00e20f5100550036009144980085
:1018a000a1449800e1f99f00d1f99f00e60f510093
:1018b0004f003600b1449800c1f99f00e80f510075
:1018c0004b0036000905ea00630565000a84440000
:1018d0000a055100c1ff2f00010565000080fb00d3
:1018e0008000eb0012102000131020007c15070070
:1018f000008cbe000a01440060b99f0071b99f00ce
:10190000e80f55003a003600200498003104980092
:10191000400498005104980020b99f0031b99f00fd
:1019200040b99f0051b99f00f80f550030003600b4
:101930006004980071049800000c9800110c980045
:10194000200c9800310c9800400c9800510c980025
:1019500020b19f0031b19f0040b19f0051b19f0065
:1019600060b19f0071b19f0000b99f0011b99f0045
:10197000640164007801410002044400020555003e
:101980006011b8000203be000002be000403be00e6
:101990006022b800000072008180720002017300b2
:1019a0008381730010003700009cbe000294be00cb
:1019b0004004980051049800620498007304980051
:1019c000000c9800110c9800220c9800330c980021
:1019d000400c9800510c9800620c9800730c980011
:1019e0000a02b1000802b000ff0f5500eeff3e00f2
:1019f000090078004f05be004f04be00000006003d
:101a00000000fa00e88157004fb997004e00070028
:101a10000080fa0000000600800078000400370013
:101a20003104e00002003a0000005100000006000e
:101a3000010178000108a300f9ff3a008101780054
:101a400031017800f4ef2f00020242000281ea0027
:101a5000020162000408280004016100f7ff32005f
:101a600083007800010178003104e000fdff3a00b6
:101a700000005100000006003c00fa00889fbe00f4
:101a80008a9fbe000004be00020578000f007800a7
:101a90004004b1001d0009000018eb0088a79f005a
:101aa000d8af9f000080eb00e0af9f006022b8003d
:101ab0006033b800c0fb2f000f0040003d09070055
:101ac000120020008a007800c0fb2f000f004000a9
:101ad000220807006fb29700ffb297000fbb970074
:101ae0009fbb9700dfad97000fa597000900e000ae
:101af000090032000a855500cfd5de0004024500fa
:101b000085824d0006834d0087834d000100320021
:101b100004044400880c78004f05be004f04be004a
:101b20000080fa00000006000001eb00d2ff070071
:101b3000bd14370012002000cfff0700ba14370091
:101b400022002000ccff37000f04b0008e1f780069
:101b500002027800030178000000e0000200320079
:101b600000077800020037000efc2f000f07470027
:101b70008002eb000100e000010032008102e90078
:101b80000f007800e003b1001d0009000018eb0011
:101b90000080eb0090a79f0023102000a3a79f00c8
:101ba000bea79f00c1a79f00d5a79f000100e0002e
:101bb00003003d00b1042000f1a6880007003700b3
:101bc000004feb00fea79f00eea79f008400780067
:101bd00020fc2f000f004000b30907004f077800da
:101be0000f04b10000000600800078001000200003
:101bf00002022000828f500004003200e980500071
:101c0000e48f5000010036000000eb0000000600e9
:101c10000800fa00889fbe008a9fbe00000478007a
:101c20008105780078089000b8109000810f50006e
:101c300003003100b084fb00700c980003003700f3
:101c4000080078000009070080047800b002200036
:101c5000808f5400040032000005eb00d002200009
:101c6000808f54001b003a00d982b20009f0a7000f
:101c70008904ea008904e9004f4dde0078089000ed
:101c8000b8109000810f500003003100b084fb00b9
:101c9000700c98000300370008007800ea0807007d
:101ca0008004780000fd2f0009004000e90f50007b
:101cb000080036000b00e0000600320038109000eb
:101cc0000000e00003003200780890000000e90006
:101cd000700c980000fd2f00090040008005eb000b
:101ce000e90f500013003600381090000000e000ab
:101cf00072003200780890000000e900700c980033
:101d00006e0037006a59b9008205400078089000db
:101d1000b8109000810f500003003100b084fb0028
:101d2000700c98000300370008007800c608070010
:101d30008004780000fd2f0009004000e90f5000ea
:101d400003003e00b1cc2000818f5500edff340030
:101d5000615ab900612bb90084bf9f0095bf9f00f5
:101d6000a6bf9f00b7bf9f001f003700a400200040
:101d7000050020006033b8000fb897009fb89700a7
:101d80002fb99700bfb9970033180700cfcdde00f9
:101d90000082440081824d0002834d0083834d0008
:101da0000403b1000580b1000680b1000780b100d6
:101db00084bf9f0095bf9f00a6bf9f00b7bf9f0035
:101dc00078089000b8109000810f50000300310097
:101dd000b084fb00700c9800030037000800780006
:101de000990807008004780000fd2f0009004000da
:101df000e90f500017003e00d07a240011ae2700f2
:101e000042e12a00731420000fba97009fba97008e
:101e10002fbb9700bfbb97000020e10001a8e100a5
:101e200002b0e10003b8e100d0ff34000900370040
:101e300078089000810f500003003100b084fb004f
:101e4000700c980003003700080078007e08070037
:101e5000800478000903b100b8109000e98f5400a5
:101e6000f3ff36000100e000030032007808900024
:101e70000000e900700c98000a00e0001600320033
:101e80006000b8006011b8000fba97009fba9700c1
:101e90002fbb9700bfbb97000402500085825800fb
:101ea000060359008783590084bf9f0095bf9f0098
:101eb000a6bf9f00b7bf9f00070037006000b800b3
:101ec000020020000300280080bf9f0091bf9f00f8
:101ed000a2bf9f00b3bf9f000fb897009fb89700a5
:101ee0002fb99700bfb997004f05be004f04be0041
:101ef0000080fa00000006000f04b000889fbe00ba
:101f00008a9fbe008c9fbe008e1f7800000678005e
:101f1000b1a79f00c29f9f00a3a79f00b49f9f00ef
:101f2000fc0890003c109000808f500004003100ad
:101f30003180fb00710e98000007eb000d003700a8
:101f40000c00780040080700fbff3700fc089000f9
:101f50003c109000808f5000030031003180fb0066
:101f6000710e9800020037000c0078003608070058
:101f70001e00200001032000810f5000f3ff3200fb
:101f80006022b8006033b80094af9f00a5af9f00f7
:101f9000b6af9f00c7af9f008002eb0095a79f00e0
:101fa000e1022000810f500023003a00fc0890005d
:101fb0003c109000808f5000050031003180fb0004
:101fc000710e98006044b8006055b80011003700e9
:101fd0000c0078001c080700faff3700fc0890008e
:101fe0003c109000808f5000030031003180fb00d6
:101ff000710e9800020037000c00780012080700ec
:1020000061045400e0845c0060055d00e0855d00d3
:102010001e00200001032000810f5000efff32005e
:1020200098af9f00a9af9f00baaf9f00cbaf9f00b2
:102030001500200095a79f006022b8006033b8000b
:10204000d4af9f00e5af9f00f6af9f0087b79f001a
:102050008002eb00a59f9f006022b80006002000d0
:1020600007ff2300d49f9f00e59f9f00f69f9f00de
:1020700087a79f006044b8006055b8006033b8007f
:10208000f6a79f0087af9f0084003700e102200081
:10209000810f50000e003a009fa397000700e00058
:1020a0008b003a005fa89700efa897007fa99700e0
:1020b0008fb1970090af9f00a1af9f00b2af9f007c
:1020c000c3af9f001100200091a79f006a00370056
:1020d00091032000810f5000030034000050a00045
:1020e0009dfa2f008086460070002000010020002d
:1020f0006011b8005faa9700efaa97007fab970026
:102100008fb397000020e10001a8e10002b0e100d8
:1021100003b8e1000c003c007fa397008fab970051
:102120004438dd00cc30de00810070004430dd003a
:102130004feade000081460081014a00f2a79f00bd
:1021400083af9f003f003700d00020000100200037
:102150006011b8005faa9700efaa97007fab9700c5
:102160008fb397000020e10001a8e10002b0e10078
:1021700003b8e1001d003c006022b800060020000a
:1021800007fb23005f989700ef9897007f999700cf
:102190008fa19700581407000002be000203be0082
:1021a000d49f9f00e59f9f00f69f9f0087a79f00f9
:1021b0006168b900141307005f9a9700ef9a9700bf
:1021c0007f9b97008fa397004b1407000002be006f
:1021d0000203be000800be000a01be004c13070047
:1021e0000004be000205be00160037000d00e0002e
:1021f00014003200af9a97000500e00011003a0089
:102200006022b8000600200007fe23005f989700b8
:10221000ef9897007f9997008fa1970036140700d9
:102220000002be000203be000800be000a01be009c
:10223000371307000004be000205be001600200090
:10224000a69f9f005fa89700efa897007fa997001f
:102250008fb1970061004000e080480060014900b4
:10226000e0814900d0af9f00e1af9f00f2af9f0037
:1022700083b79f001e002000fc0890003c109000d7
:10228000808f5000030031003180fb00710e9800f8
:10229000020037000c0078006b0707000dfd2f00cf
:1022a00080864600e98f560078ff3600800078006f
:1022b0000150a0001106b100e58f500073ff3600f9
:1022c000e1022000810f500073ff3200010037004f
:1022d000e00220000e00e0001e003a003c109000da
:1022e0000000e00003003200fc0890008100e900db
:1022f000710e9800bf9897000100e0000e003200b8
:102300000000e00003003200fc0890008100e900ba
:10231000710e98001fa197000200e0000a00320031
:102320000000e000080032007c0890000000e90096
:10233000700e9800040037006022b8006033b800c7
:102340000c0078001b070700afa197006118b900c7
:10235000510037001fa297000400e00016003a0069
:102360005faa9700efaa97007fab97008fb3970003
:1023700094af9f00a5af9f00b6af9f00c7af9f006f
:10238000110037007fa197008fa997004418dd0046
:10239000cc10de00810070004410dd00f0a79f002b
:1023a00081af9f0061024200e0824a0060034b005f
:1023b000e0834b00050037005faa9700efaa970063
:1023c0007fab97008fb397008006780070002000e5
:1023d000010020006011b8000020e10001a8e10028
:1023e00002b0e10003b8e100e6ff34000d00780020
:1023f0000050a00001072000810f500015003a0096
:10240000bf9897000c00780001fe07006022b8001a
:1024100006002000070028000400e1000588e10014
:102420000690e1000798e10014003a00bf99970078
:102430000300e00007003a006022b8006033b800f3
:102440000c007800db0607006000b8006011b800df
:102450003c0137003c1290006000b8006011b800e9
:102460000400e000050032007c0890000000e90054
:10247000700e98006000b8006011b8007fa297004d
:102480008faa9700e00f5200e08f5a0007003a0031
:10249000afa297006128b9005e1207006011b80072
:1024a000b61407000d120700260137001faa970077
:1024b000afaa97003fab9700cfab970068025200de
:1024c000e0825a0060035b00e0835b002c00200088
:1024d0000402d0008582d2000683d2008783d20016
:1024e0000c06e900faff3a00040240008582480029
:1024f0000603490087834900d4af9f00e5af9f00e2
:10250000f6af9f0087b79f00cf9a97000500ea00bb
:10251000cf80de006109b9005faa9700efaa97009b
:102520007fab97008fb397000020e10001a8e10086
:1025300002b0e10003b8e1000f00340020022000e7
:10254000f0a68800afa297006128b9002e120700fc
:10255000f4ff2f00f5ff2f00f6ff2f00f7fe2700f6
:1025600065130700f4ff2f00f5ff2f00f6ff2f0083
:10257000f7fe27001a0037004f9b970067f92f00de
:1025800007004300cf80de006109b9005faa970011
:10259000efaa97007fab97008fb397000020e10070
:1025a00001a8e10002b0e10003b8e10039003d00fc
:1025b00020022000f0a68800afa297006128b90091
:1025c000111207006022b800060020000701200059
:1025d000491307006022b800060020000701200010
:1025e00045130700d70037006022b800060020001e
:1025f00007fe23000800be000a01be00ad1107005f
:102600000c0646008d864e000000e0000d003500ef
:1026100061064600e0864e006022b80006002000f9
:1026200007ff23000800be000a01be0032120700a7
:102630000002be000203be000800be000a01be0088
:10264000040037000802be000a03be000800be00f6
:102650000a01be002e1207000004be000205be00e3
:102660005fa89700efa897007fa997008fb1970008
:1026700061005000e080580060015900e08159007d
:10268000d0af9f00e1af9f00f2af9f0083b79f00e4
:10269000020037007fa697008fae9700e00f56002c
:1026a000e08f5e00d0ff3d00fca79f008daf9f0034
:1026b0003fa29700cfa2de00612bb90094af9f002c
:1026c000a5af9f00b6af9f00c7af9f0000022000dc
:1026d000010020006011b800cf9a97004faede00d5
:1026e000050250008c8258000c0359008c8359005d
:1026f000d49f9f00e59f9f00f69f9f0087a79f00a4
:102700005fa89700efa897007fa997008fb1970067
:102710000000420081804a0002014b0083814b008f
:10272000d0b79f00e1b79f00f2b79f0083bf9f0023
:102730001faa9700afaa97003fab9700cfab9700b7
:102740000020e10001a8e10002b0e10003b8e100cf
:1027500006003400dfaa97004f9b970006805200c6
:102760000002b000b0a79f000b0033006000b8006b
:102770006011b80090af9f00a1af9f00b2af9f0063
:10278000c3af9f0040032000bfa09700808f500080
:1027900038003c00020037000001eb00b2a79f00a8
:1027a00042052000bfa19700030151000000200056
:1027b00001f823002b1907000006be002fa2970086
:1027c0006120b900901107000002be000203be00a4
:1027d0000c00be0094b79f00a5b79f00b2b79f0042
:1027e000c7b79f003d1107001fb29700afb2970017
:1027f0003fb39700cfb39700e21607000002be0078
:102800000203be0094af9f00a5af9f00b6af9f002c
:10281000c7af9f00bfa29700ff8f520015003c007a
:102820006022b8006033b8000800be000a01be0094
:10283000251107000000e0000e0032006000b80023
:102840007fa3970061006300e00f5000e08f580005
:1028500008003a007fa697008fae970061064600f9
:10286000e0864e00fca79f008daf9f006044b8003b
:102870006055b800afa697006168b9006211070003
:102880000002be000203be00b4a79f00c5a79f00c0
:10289000d6a79f00e7a79f000802be000a03be005c
:1028a000951207000004be000205be007fa097003d
:1028b0008fa897005a1107000002be000203be0055
:1028c0003fa09700cfa097005fa19700efa19700ce
:1028d000891207000002be000203be001fa8970075
:1028e000afa897003fa99700cfa9970088110700cc
:1028f0000802be000a03be00851107001faa970048
:10290000afaa97003fab9700cfab97007a110700b3
:102910000004be000205be006022b8006033b800ab
:10292000e91007000000e00002003a002002200049
:10293000f0a688005faa97000800be000a01be004a
:10294000f21807004f0778004f06be004f05be0083
:102950004f04be000f04b10000000600cf23b000fa
:10296000889fbe008a9fbe008c9fbe008e1f78008d
:102970000004780001007800b2a79f00e39f9f0049
:1029800094af9f00850578008006eb000a003700b1
:10299000f808900038109000808f5000030031003c
:1029a0003180fb00710c98000200370008007800ad
:1029b000a50507001d00200001032000810f500025
:1029c000f3ff32000006eb006022b8006033b8006d
:1029d00094b79f00a5b79f00b6b79f00c7b79f00e9
:1029e000e1022000810f50002a003a00f808900010
:1029f00038109000808f5000090031003180fb00ba
:102a0000710c98006022b8006033b80094b79f0042
:102a1000a5b79f00b6b79f00c7b79f001900370042
:102a20000800780088050700f6ff37001fb0970000
:102a3000afb097003fb19700cfb197006100500051
:102a4000e080580060015900e081590090b79f0074
:102a5000a1b79f00b2b79f00c3b79f00f8089000ce
:102a600038109000808f5000030031003180fb004f
:102a7000710c98000200370008007800720507000a
:102a80001d00200001032000810f5000e7ff3200ed
:102a90001c0020006011b800c29f9d00d39f9d00c4
:102aa0008004eb006022b8006033b800d4af9f0010
:102ab000e5af9f00f6af9f0087b79f00090778003a
:102ac0000905780052003700810f50000c003a00d1
:102ad0000c00e00058003a005fa89700efa89700ac
:102ae0007fa997008fb1970090b79f00a1b79f0073
:102af000b2b79f00c3b79f001c0020003b00370007
:102b0000010320005faa9700efaa97007fab970010
:102b10008fb3970061024200e0824a0060034b00dd
:102b2000e0834b00d4af9f00e5af9f00f6af9f005e
:102b300087b79f00c3072000830f570023003c0086
:102b4000810f500001003200dfac9700c276dd003b
:102b50000a00e0001100320085db2f008f82420066
:102b60008d8642006102b9000403b1000580b10006
:102b7000a2002000030020001d00be00d4b79f006b
:102b8000e5b79f00d61007005fb29700efb297003d
:102b9000801e420081964a000500370086db2f0028
:102ba0000f0343008d064300cf91de00828ebe00ee
:102bb0000a05e8001d002000e90f55000b003a004f
:102bc0000d0747000005eb0008003700810f50009b
:102bd000060032004f909700df9097000000a000a1
:102be000c0979f00d1979f00c9452000f80890002a
:102bf00038109000808f5000030031003180fb00be
:102c0000710c980002003700080078000e050700dc
:102c100002fd2f0000014100e1022000e90f5100f8
:102c2000a9ff3600810f5000a9ff32000c00e00020
:102c3000030032000a003700e002200008003700dd
:102c40005faa9700efaa97007fab97008fb397001a
:102c500094b79f00a5b79f00b6b79f00c7b79f0066
:102c60000d00e00029003200000178000250a000b1
:102c700051062000810f510024003a008b0078009b
:102c800008007800e2fb07006022b8000600200080
:102c9000070028000400e1000588e1000690e1003b
:102ca0000798e1000c003a000b00e000230032001e
:102cb000381290006000b8006011b8000400e00015
:102cc00005003200780890000000e900700c9800c0
:102cd0006000b8006011b8001fb29700afb2970053
:102ce0003fb39700cfb397000002420081824a00b1
:102cf00002034b0083834b0094b79f00a5b79f004e
:102d0000b6b79f00c7b79f00130037000000e00070
:102d100006003500381090000000e000030032008b
:102d2000780890000000e900700c98000d00e000a9
:102d300009003a0060012000f0a688006022b80077
:102d40006033b800080078009a0407006000b800fb
:102d50006011b800780337004f9e9500df9e950004
:102d6000e00f5600e08f5e0007003a009faa970030
:102d70006128b900271007006011b8007f12070012
:102d8000d60f07006c0337001fb09700afb0970055
:102d90003fb19700cfb197005faa9700efaa9700c5
:102da0007fab97008fb397000400e1000588e10036
:102db0000690e1000798e10020003a009000200012
:102dc000010020006011b8001fb29700afb2970059
:102dd0003fb39700cfb397000020e10001a8e100c6
:102de00002b0e10003b8e10014003c00bfa297006c
:102df000fe8f52000a003c000c00be000503780064
:102e00000603e900030033008100d1000080d300f5
:102e1000fbff3700e00f5000e08f580007003a003a
:102e20009fab97006138b900f70f07000004be00a0
:102e30000205be000c00be0060003700220020002a
:102e40006f9e9700110009000206d8000000ea00fa
:102e5000cf80de006109b9001fb29700afb29700c2
:102e60003fb39700cfb397000020e10001a8e10035
:102e700002b0e10003b8e1000f003400200220009e
:102e8000f0a688009faa97006128b900de0f07000e
:102e9000f4ff2f00f5ff2f00f6ff2f00f7fe2700ad
:102ea00015110700f4ff2f00f5ff2f00f6ff2f008c
:102eb000f7fe27008e0037006f9b970067f92f0001
:102ec00007004300cf80de006109b9001fb2970000
:102ed000afb297003fb39700cfb397000020e10057
:102ee00001a8e10002b0e10003b8e1000d003d00df
:102ef00020022000f0a688009faa97006128b90050
:102f0000c10f07006022b800060020000701200062
:102f1000f91007006022b800060020000701200019
:102f2000730037000a00e0000e0032000a0037008c
:102f30004274dd0086db2f000f03430008044300ca
:102f4000a2002000030020001800be00e40f0700cc
:102f5000008cbe000a05e800e80f5500f4ff3400bd
:102f60000e07e8009fb39700e88f540002003c0072
:102f7000878f5400050034004270dd008cdb2f0089
:102f80000f064600000046005c0037009fb6970021
:102f9000f18f5600f8ff3c00e98f560009003a0017
:102fa0001fa997006110b900970f07000004be0029
:102fb0000205be004f989500df989500980f070016
:102fc000470037009fb19700e88f51001c003c007c
:102fd0001faa97006120b9008b0f07000004be00f4
:102fe0000205be004f989500df9895008c0f0700f2
:102ff0000002be000203be000800be000a01be00bf
:10300000bd1007000004be000205be009fb297007d
:10301000688012004200dd00a144210000804000d1
:103020001000be00780f07000002be000203be00c1
:103030000800be000a01be0000100700be023700f3
:103040003fa397007b004300d2ff2f009fb3970060
:1030500002b9b90002014000fe0f51000a003c0015
:103060004f989500df9895000201e90003003300b6
:103070008100d1000080d300fbff3700e00f50003b
:10308000e08f5800bcff3a001fae97006160b900a6
:103090005d0f07000004be000205be004f989500ba
:1030a000df9895005e0f07000002be000203be001d
:1030b0000800be000a01be008f1007000004be0019
:1030c0000205be009fb697006a8056004200dd00f0
:1030d000a1442100008040001000be004a0f0700fc
:1030e0000002be000203be000800be000a01be00ce
:1030f00081100700900237000e07e9004001be0072
:10310000e00f5100e08f5900fbff320094002000d7
:103110009fb09700110009008400d80001027800d8
:103120000001eb00d2af9f000400e000520032002b
:103130009fb197000300e00001003d0069024200da
:10314000680012004200dd00a14421000080400020
:103150001005be0046db2f000f0343006044b8009b
:103160008002eb00d5af9f00c4a79f000800be00ff
:1031700085047800060478000002be002d003700a8
:103180005806be000a01be000c00be00d4b79f0066
:10319000e5b79f00baf507005fb29700efb297005e
:1031a0000403400085834800068cbe000a01be006f
:1031b00000a02c00a1b92300f6b79f0087bf9f0095
:1031c0006ef507000002be000a01be000c00be0042
:1031d000d4b79f00e5b79f003e0f07000001be0077
:1031e0005fb29700efb297000400be003c0f0700eb
:1031f0000002be000900e8007fb397008fbb970074
:103200005fae97008c8f540009003a00e00f530026
:10321000e08f5b0006003a0080067800fd07b200f0
:10322000ddaf9f009fb09700e980500091b79f00ed
:10323000800478008e8f5400d1ff3a000404be0051
:103240004fa29700e00f5400e08f5c0006003200b0
:103250004270dd0082db2f000f01410000004100c1
:103260000888be000e07e800690212009fb19700af
:103270008481410093b79f000002eb00c4a79f0028
:10328000dfae97006c003700cfa29700fd8252009e
:10329000c5a79f000e06e900fc07b2006033b80026
:1032a000d6af9f00e7af9f004260dd0087db2f00b5
:1032b0008f83430080834300d7a79f001704be007d
:1032c0006055b800cd55dd004348de008b05700029
:1032d0004d4ddd004340de000a057000cd44dd00a9
:1032e0000004eb005fa99700efa9970008044100d4
:1032f0008984490060054d00e0854d0004a02c0044
:10330000a5b923006033b8000440e10005c8e1001e
:1033100006d0e10007d8e1000e0036000800be002c
:103320000a01be0063120700d0af9f00e1af9f000b
:1033300004a02c00a5b923006033b8000800be002b
:103340000a01be0062120700dfa39700808bbe0057
:10335000050037005fa097000888be006011b80024
:10336000d2af9f00e3af9f000e00e900f007b2006c
:10337000800f56000b003a008d0f56000e003200f1
:103380004260dd0083db2f008f814100008041001f
:103390001000be00e00f5000e08f5800ed01320039
:1033a000020037008d0f5600030032000c06e900c2
:1033b000fc07b200bcff37005faa9700efaa970096
:1033c000e00f5200e08f5a001b0032009fb29700be
:1033d000e982420095b79f008d06e900fd07b20023
:1033e0008e8f56000d003a000d07e900fe07b2006f
:1033f0000e00e900f007b2004200dd0086db2f007e
:103400000f03430000004300c270dd008100430051
:103410001001be0031187100219071004268dd007a
:1034200083db2f008f814100008041005faa97005d
:10343000efaa97000488be009fb29700f18f520058
:1034400091ff3400f28f520009003a004269dd001a
:1034500086db2f000f03430002014300e005270035
:1034600091082000b20f1000a28f180086ff3600ce
:103470008d037800624621000000eb0087004000c9
:10348000f107b2008e8f50000d003200c208dd003f
:1034900083db2f008f814100818041001104be0039
:1034a0005202be00840f5400858f5c000400390076
:1034b0000d003e000000e800e20f5000efff3a0070
:1034c0001fb29700f20f520007003a00d7af9f00db
:1034d0006044b8006055b8008006eb000800be00ec
:1034e0000a01be0067003700990020009fb29700d4
:1034f000fb8f520001003c00190020004fa39700f1
:1035000009034300c6a79f00100020000900dd004a
:103510000000e9006101b900d2a79f00e3a79f0066
:103520000aa02c00abb92300890178008301e900cf
:10353000030033008b85d1000a85d300fbff3700e1
:10354000070478006000b800d0af9f00e1af9f0093
:103550000a02be001fb59700870578002d003700ce
:10356000c240dd0086db2f000f03430081004300d3
:103570001101be000203be00090678000c06e90036
:10358000030033008703d1000683d300fbff37001d
:103590005fae9700efae97000603460087834e00ac
:1035a0008688be006fa0970083066000dfa09700aa
:1035b000028660000401be000c00be00d4b79f006c
:1035c000e5b79f00f6b79f0087bf9f00440e070036
:1035d000d0af9f00e1af9f000800e8005fb2970006
:1035e000efb297007fb397008fbb97008b0f54000b
:1035f00006003a00e00f5300e08f5b0003003a0042
:1036000080057800fb07b2006905550000047800ca
:10361000f807b2008e0f5400d1ff3a008b037800f8
:103620009ab79f005fa89700efa89700e00f50009f
:10363000e08f58008fff32000e01e800f207b20061
:10364000870f5100070032004277dd0083db2f0037
:103650008f8141000e874100008fbe000207780075
:1036600084ff37000e00e900f007b2004200dd00e1
:1036700084db2f000f024200000042001000a00077
:103680007cff3700dfaa970005864600fc07b200e2
:103690008e0f560009003a000e07e800fe07b20040
:1036a0000e02e9004222dd0086db2f000f034300fb
:1036b00004024300000aeb00341278006022b800d4
:1036c00056d62c00d71c24000b0f07000004be00a8
:1036d0000205be004266dd0087db2f008f834300ba
:1036e0000c8643001c00be00cd0d07000002be008a
:1036f0000203be000800be000a01be00040e07005f
:103700008d06e800e28f5600deff3a000004be009e
:103710000205be001fae97006160b900ba0d070038
:103720000002be000203be000800be000a01be0087
:10373000f10e07000002be000203be00d4a79f00e6
:10374000e5a79f00f6a79f0087af9f00cfa2970035
:103750005503b000c59f9f006f9b970006835200e2
:10376000d69f9f00bfa39700868f530006003400aa
:103770000600e0000b003500060678001d00200062
:103780009db79f00030037003fa697000000eb00a5
:1037900090b79f0040032000800f560037003c0088
:1037a000030037001100200091b79f000006eb00d6
:1037b000920620000c0151000000200001f82300b7
:1037c00028150700450d07005fa29700efa297009c
:1037d0007fa397008fab9700ea1207000002be009c
:1037e0000203be00f49f9f0085a79f0096a79f003d
:1037f000a7a79f00520320000c01510000002000e9
:1038000001f8230017150700340d07000002be0061
:103810000203be005fa09700efa097007fa1970072
:103820008fa99700791307000004be000205be00af
:103830000002be000203be005fa09700efa0970049
:103840007fa197008fa99700ab0d07007f9a970083
:103850008fa297001fa39700afa39700ac0d07009e
:103860000002be000203be00d4a79f00e5a79f0090
:10387000f6a79f0087af9f00080037006000b800e0
:103880006011b800f09f9f0081a79f0092a79f0042
:10389000a3a79f000004be000205be00dfa897009a
:1038a0000180e800f007b2008e0f50004e00320099
:1038b0004200dd0082db2f000f01410000004100cb
:1038c0001001be00f04f2600d1dc2100800f510016
:1038d000818f59000e003e00e00f5100e08f59002b
:1038e00005003a00dfa9970063804100f007b200ad
:1038f0008e0f5000250032001faa97006120b900ea
:10390000440d07000200200003e8230016003700e2
:1039100000502600d1dc2100800f5100818f59001a
:10392000030032009faa97006128b9000b003700fe
:103930005fab970063014300f207b2009fab9700b3
:103940006138b9008e0f510004003a00310d0700b4
:103950000200200003f02300030037002d0d0700b4
:103960000200200003f42300840f0700db0c070093
:103970000002be000203be000800be000a01be0035
:10398000630d07000004be000205be0050032000c6
:103990000c005000e10f5000130034006022b8000a
:1039a0000600200007ff23000800be000a01be0039
:1039b000161307006022b8006033b800c20c07007d
:1039c0000000e00008003a006022b8000600200075
:1039d00007ff23000800be000a01be004c0d0700cf
:1039e0000004be000205be003fa09700e3061000e1
:1039f000ef989700818656000802be000a03be00b9
:103a00005fa09700efa097007fa197008fa9970074
:103a10003f0d07007f9a97008fa297001fa3970082
:103a2000afa39700340d07000002be000203be00e2
:103a300094af9f00a5af9f00b6af9f00c7af9f0098
:103a400064805600cf98970001f0a100810f5000cc
:103a500033003c000400be00641207006022b8007e
:103a60000600200007342400920c07000000e0004c
:103a70001b0035009fb297000500e00007003200f0
:103a80005f9b970006066e000cf0a7000c06ea008c
:103a90000c06ea004f66de009cb79f006022b8006b
:103aa0000600200007fe23001fa89700afa897007c
:103ab0003fa99700cfa997000f0e07000002be0094
:103ac0000203be0094af9f00a5af9f00b6af9f005a
:103ad000c7af9f00cfa297008502e800c5a79f004f
:103ae0004fa097004003b0008d0f50000a003d002a
:103af0001fb397000600e000090032006022b80002
:103b00006033b8000800be000a01be006e0c07005a
:103b10000000e0000200320020022000f0a6880031
:103b20004fa297001fa89700afa897003fa9970042
:103b3000cfa99700751407004f0778004f06be0005
:103b40004f05be004f04be00ef1fb100ef03b100f0
:103b5000000006000c07780014fe3700e4874700d9
:103b6000889fbe008a9fbe008c9fbe008e1f78007b
:103b700000047800020778000100e000fa00350038
:103b8000bbf62f008a012000e18f500004003400b2
:103b9000e28f5000f4003a00ebbc2f005a032000e3
:103ba00078089000b8109000810f50000300310099
:103bb000b084fb00700c9800030037000800780008
:103bc00021010700800478000900780006f807004a
:103bd0000000e000f2ff3a00b0022000808f5400a5
:103be000060032001c002000d0022000808f54000c
:103bf0000e003a002c002000010037000006eb0008
:103c00006106160078089000b8109000810f5000ef
:103c100003003100b084fb00700c980003003700f3
:103c2000080078000801070080047800b1432100f3
:103c30008006eb0011003700e78f56000c003200c1
:103c40007808900038119000820f50000300310076
:103c5000b084fb00700c9800050037000800780065
:103c600081bf9f00f8000700800478008fb897009c
:103c70008d06e800e88f56001f0032000901780029
:103c80000250a0005100fb00800f5100eaff3200fb
:103c90000d007800e38f560006003200e88f5600d2
:103ca00015003200e38f5600190036000e00e000c8
:103cb000bd003200b81090000100e00003003200a7
:103cc000780990000201e900720c98000e00e000f3
:103cd00009003200060037000100e0000300320056
:103ce000780990000201e900720c98000000e900d8
:103cf000e30f5000f8ff3a00e10f46009d003a0044
:103d00006000b8000200200003ff2f00a000370071
:103d1000414421000d00e00012003200a2003700f3
:103d2000e28f56000c0032007808900038119000a5
:103d3000820f500003003100b084fb00700c98002b
:103d4000050037000800780081bf9f00be00070013
:103d5000800478008fb897008d06e800e38f560046
:103d600006003200090178000250a0005100fb005b
:103d7000800f5100eaff32008b003700f8089000f6
:103d800038109000808f50000700310080c2b300cf
:103d9000314068000080fb000000ea004f00de00b8
:103da000710c98000700370008007800a600070093
:103db0008082b20000f0a7000000ea000000ea00e4
:103dc0004f00de00190020000004e0000700320070
:103dd000381090000000e0006a003200780890007f
:103de0000000e900700c980066003700f8089000a9
:103df00038109000808f5000030031003180fb00ac
:103e0000710c980002003700080078008e0007004f
:103e100001fd2f0080804000e98f50000b0036002c
:103e2000f1fb2f0080804000f98f50000700360022
:103e3000f1f92f0080804000f98f50000300360018
:103e4000f1052000810f500002003a008904e800cb
:103e5000e6ff370091022000810f50004900320038
:103e6000381090000000e00003003200f8089000d5
:103e70008100e900710c98000e00e00007003a0094
:103e80000f0037000000e00003003200f808900047
:103e90008100e900710c98008904e9000900e00044
:103ea000f8ff3a0037003700381090000000e000bb
:103eb00003003200780890000000e900700c9800c0
:103ec00060012000f0a688006022b8006033b800ce
:103ed00008007800370007002300370000032000a7
:103ee000808f54001a003a00f808900038109000b3
:103ef000808f5000030031003180fb00710c98006e
:103f000002003700080078004f0007000050a000b2
:103f100081072000810f500007003a000e02780050
:103f20008c0178000b0178008a0078000800780086
:103f3000f1f7070016003700381090000000e0008d
:103f400003003200780890000000e900700c98002f
:103f50008e0278000c0278000a01be000800be0044
:103f60007efa07000a0037006000b8006011b80050
:103f7000070037006000b8000200200003ff2700a0
:103f8000030037006000b8000200200083ff270014
:103f90004f0778004f06be004f05be004f04be001d
:103fa0004f00b100000006000d00e000beff3a0027
:103fb000caff3700889fbe008a9fbe004410980049
:103fc000551098006610980077109800f00890003f
:103fd0002004900001045400cfc4de00614db900fc
:103fe00008189800191898002a1898003b1898008b
:103ff000e00f5200e08f5a00e00f5b00e08f5b00a3
:104000000c0032000014900001045400cfc4de0004
:10401000614db9000440e10005c8e10006d0e100af
:1040200007d8e100030034000482400034109800f7
:104030000200370080109000311098004f05be003c
:104040004f04be00000006002800fa00889fbe0052
:104050008a1f780000047800f8089000280090007b
:1040600000805000081a9000981a9000281b9000b9
:10407000b81b9000cf80de0004024000858248001b
:10408000068348008783480048109000d8109000ad
:1040900068119000f8119000e00f5000e08f580078
:1040a000e00f5900e08f5900050032000020e100c8
:1040b00001a8e10002b0e10003b8e1000d003d00fd
:1040c00008007800d4b79f00e5b79f00f6b79f00bf
:1040d00087bf9f001f030700800478005fb297002e
:1040e000efb297007fb397008fbb97000900e00005
:1040f00016003d0078089000a800900080805000d5
:104100004f89de0004824000850249000603490011
:1041100087034900041c9800151c9800261c980071
:10412000371c980030149800f0ff2f00f1ff2f008b
:104130000001be00401498005114980062149800c9
:10414000731498008084eb00520037006100420035
:10415000e0804a0060014b00e0814b0090bf9f006f
:10416000a1bf9f00b2bf9f00c3bf9f004812900035
:10417000d812900068139000f813900094b79f0035
:10418000a5b79f00b6b79f00c7b79f00e00f5200ca
:10419000e08f5a00e00f5b00e08f5b0028003200e8
:1041a000780d9000081190000a0151006112b900c9
:1041b000612bb900d4af9f00e5af9f00f6af9f0021
:1041c00087b79f001fb09700afb097003fb197002f
:1041d000cfb197001fba9700afba97003fbb9700c7
:1041e000cfbb97000400500085805800060159009d
:1041f0008781590090af9f00a1af9f00b2af9f0091
:10420000c3af9f005faa9700efaa97007fab97000c
:104210008fb397000020e10001a8e10002b0e100a7
:1042200003b8e100060034009fb297001fbb97005f
:1042300006815200820045003114980002003700c8
:10424000881390003714980028019000f808900017
:10425000810151001fba9700afba97003fbb97008a
:10426000cfbb97004f98de000482410085024800d2
:104270000603480087034800041c9800151c98009a
:10428000261c9800371c9800828f500001003e00c9
:10429000f9f89f00090078004f0578004f04be0030
:1042a0000080fa00000006000200fa00881f780073
:1042b00000047800e2bf9f00648157000800780086
:1042c00084020700980090000148a300010032001a
:1042d0000080eb004f0478000080fa000000060028
:1042e000881f78000004780000082000808f5000ac
:1042f0001700350010082000808f50000b0034009c
:1043000030082000808f500011003a0092007800a1
:1043100068805000000978003002be002003be0013
:10432000049cbe000694be0007003700920278008d
:1043300064805200000978001000be00670a070080
:10434000009cbe000294be00100020000100370057
:104350000000eb004f0478000000060084082000f5
:10436000848f50001d0032000d003c001408200016
:10437000848f50002700320002003c000408200017
:104380000400370024082000848f500034003200dd
:1043900044082000848f500043003a003600370064
:1043a000040a2000848f50002700320004003c00e3
:1043b00004092000848f50003b003a002800370099
:1043c000020c2000828f50002f003200020f2000cc
:1043d000828f500034003a002b0037009380e900b0
:1043e0000200e00005003200810978001102fb00a4
:1043f000cfa2de00612bb9002800370081097800c8
:10440000114278000482fb008002eb006033b800a8
:104410002200370013027800e40052000200e0009e
:1044200005003200810978001102be004fabde00aa
:104430008603780019003700810978001102be0058
:104440006033b800150037009380e90081097800d7
:1044500011027800cfa2de00612bb9000f003700f7
:1044600093027800e8805200810978003102be0092
:104470002103be00090037009380e9000200e0003c
:1044800002003200f1ff37009380e90081097800d3
:10449000110278008002eb006033b8000498be007f
:1044a0000690be0010000500000005004408200032
:1044b000848f50002500320008003c0014082000c2
:1044c000848f50001400320024082000848f500094
:1044d00024003200040820000c00370004092000ea
:1044e000848f50001f00320004003c00840820002c
:1044f000848f500024003a000e003700040a200088
:10450000848f500011003200040c2000848f500072
:104510001d003a000d0037009380e9008109780002
:104520009100780001087800cf91de008288be00fb
:10453000140037009380e900810978009100780029
:1045400001087800824878000e0037009380e90067
:1045500081097800910078000108780082087800cd
:10456000080037009380e900810978009100780005
:10457000010878006112b900612bb9008498be006f
:104580008690be001000050000000500889fbe0058
:10459000000478004800900082047800808f540066
:1045a000010036008004780009017800580090006e
:1045b00068f407005800900009004000500498007b
:1045c000c800900089845000490498000048eb001e
:1045d0004f04be0000000600f2874700889fbe001f
:1045e0008a9fbe008c9fbe008e1f780080047800da
:1045f00001057800020478008305780061076200f5
:1046000002003a008b0f54000800390008017800be
:104610008a00780009007800dcff07008b0f540047
:1046200002003900880578001e0037000886550012
:104630000c017800f00f5600010036000201200046
:10464000010220007e80570089f407008c06780064
:104650000500370002012000fe80570009007800a5
:10466000caff0700f0865600ef8f5600f9ff3e00a4
:104670004461de0000ff2f000091b90002014600f6
:10468000fe80570009007800c0ff07000e00e00020
:1046900004003a00080178008a00780009007800d8
:1046a000baff07000b0078004f0778004f06be00e6
:1046b0004f05be004f04be002f01b10000000600f0
:1046c0000000050000000500000005000001780062
:1046d0000040eb008080fb0081804000a349210066
:1046e00063c278000404e00003003a00b0492100ee
:1046f00060c078000000060092017800934f5200dd
:1047000004003a00b049210060c078000309e800c5
:10471000010037000040e800ea4f5000edff36008e
:1047200000000600f6874700889fbe008a9fbe00f3
:104730008c9fbe008e1f7800000578000104780071
:1047400083057800040678000000eb00c0b79f00e6
:104750008080eb00d1b79f00e0b79f00f2b79f00c9
:104760000008200080bf9f009800780001007800ba
:104770008004eb00010037008904e8003041780034
:104780000204e0000300320053c2b300834f510023
:10479000f9ff3a000900e000040032000901780046
:1047a0000a00780079ff0700188c44001807780089
:1047b00050c2b3009e4f10003f013a000e07e800c0
:1047c0000e0c780010003700cfb097000100a00059
:1047d0000b003700cfb097000110a0000800370091
:1047e000cfb097000120a00005003700cfb09700a0
:1047f0000130a00002003700cfb097000140a000b8
:10480000c1b79f00000ce8001800780090407800c5
:10481000b2c2b30082cf5000f1ff320007003c006b
:1048200002c2b30082cf5000f0ff320032c2b300a8
:1048300082cf500007003a00efff3700d2c2b3002a
:1048400082cf5000e0ff320002c3b30082cf50009d
:10485000e0ff3200a2c2b30082cf50000d003a0048
:10486000000ce8001c80e900000e780010007800c1
:10487000e0b79f000000e0000f003d00cfb09700c0
:104880000100a200c1b79f000000ea00e0b79f004e
:10489000090037000bf30700e0b79f000100370065
:1048a000000ce800180078009000fb000103b10044
:1048b000e98f5000faff36004fb097000008a300c0
:1048c000020032000010a100c0b79f00180078005d
:1048d000e1c2b30090cf100016003a008000eb0058
:1048e000d1b79f000000e800000c7800a1c2b3001f
:1048f00090cf100006003a00000ce8001c80e90090
:10490000000e780010007800d0b79f000900370033
:10491000ecf20700d0b79f0001003700000ce80060
:10492000180078009000fb000103b100e98f5000ef
:10493000faff36000800780064ff07008046780020
:10494000180078001000fb001701070091062000f6
:10495000810f50003800320012003c004106200058
:10496000810f5000340032000a003c001106200084
:10497000810f50002000320031062000810f5000ce
:10498000a000320051022000810f5000bc003a000c
:10499000b400370071062000810f5000b8003c00c1
:1049a0008800370001072000810f50005c003200b2
:1049b00007003c00e1062000810f50007a00320021
:1049c000f1062000810f5000ad003a003900370099
:1049d00051072000810f500027003200810720007e
:1049e000810f50004200320031072000810f50003b
:1049f000a3003a008f0037008d80fb000c01780087
:104a000000fe2f000f00400035fe07000000e00010
:104a1000a800320018007800000ce80090417800ef
:104a200002fe2f000f014100f88057000a007800b5
:104a3000e50007000e0037008d80fb008c01780038
:104a40001200200000fe2f000f00400043fe070070
:104a50000000e00097003200180ce80002fe2f0072
:104a60000f014100f88057000a0078007803070022
:104a700080844400900037008d80fb008c0178001a
:104a80000001eb0000fe2f000f00400033fe070086
:104a90000000e00087003200180ce80002fe2f0042
:104aa0000f014100f88057000a0078004f07070007
:104ab000efff37008d80fb008c0178000001eb00d8
:104ac00000fe2f000f00400024fe07000000e00061
:104ad00078003200180ce80002fe2f000f014100a0
:104ae000f88057000a0078008e060700e0ff3700c4
:104af0008d80fb008c0178000001eb0000fe2f0090
:104b00000f00400015fe07000000e00069003200c1
:104b100018007800000ce800904178001c00370075
:104b20008c0178000001eb00010f200000fe2f0037
:104b30000f00400009fe07000000e0005d003200a9
:104b4000180ce8000fb097009fb097002fb19700a6
:104b5000bfb19700e00f5000e08f5800e00f590000
:104b6000e08f590009003a00cfb597006fb4970065
:104b700020492100a8f307000b0278008801780083
:104b800000017800214921004700370083c7b300a6
:104b900002fe2f000f014100f88057000a00780044
:104ba0003b070700b2ff37000b8144008d80fb00fc
:104bb0008c01780000fe2f000f0040003bfe070034
:104bc0003c0037008d80fb000c01780000fe2f00b8
:104bd0000f004000c2fd07000000e0003500320079
:104be00018007800000ce8009041780002fe2f00c9
:104bf0000f014100f88057000a0078006e0307009b
:104c00009bff370000c8b30080cf560029003a0050
:104c1000180ce8001c80e900000e780010407800b5
:104c2000e0df9f0013002000e2fd2f000f01410094
:104c30000800370000c8b30080cf56001d003a00be
:104c4000180ce8001c80e900000e78008001eb00e1
:104c500010017800f88057000a0078006606070007
:104c600083ff370000c8b30080cf560011003a0020
:104c7000180ce8004fb29700efb19700080037001a
:104c80000e0c78000000eb00c0b79f00e0b79f005b
:104c90000080eb00d0b79f000002eb008401780099
:104ca00012002000814921000a0078004afe070016
:104cb0006fff3700180ce800090078004f077800f4
:104cc0004f06be004f05be004f04be006f01b1008d
:104cd000000006008200fa00889fbe008a1f78004c
:104ce0000005780082047800c13f9f000004eb00bb
:104cf000100037000902780088017800a2f72f0021
:104d00000f01410081f72f008f8040000a007800da
:104d100084fe070008004000880f500004003d009a
:104d2000b0042000f0a688000084eb0004003700e7
:104d3000000478004f3897001004e000edff3a00bf
:104d4000080078004f0578004f04be000080fa008c
:104d5000000006000200fa00889fbe0000047800f0
:104d6000080078006f0707008084eb000000e00077
:104d700009003a009811900012002000e6805700c8
:104d80000800780003000100e10f500002003a0023
:104d90002ff897008084fb00090078004f04be00c4
:104da0000080fa0000000600f1fb2f008080400028
:104db000f98f500001003e000050a00000000600e6
:104dc000f9ff3700000006003e00fa00889fbe0091
:104dd0008a9fbe008c9fbe00100798008346780013
:104de00011007800400f980091019000430798004f
:104df00021029000240f9800c1029000050f780056
:104e0000b1009000611f98003204be002205be0070
:104e1000281f9800391f98004a1f98005b1f9800b0
:104e20006022b8006033b8000800be000a01be006e
:104e30009b0707000000e00009003d000800be00dd
:104e40000a01be0003f0a200201f9800311f980045
:104e5000421f9800531f9800d0c2b30004003700cf
:104e6000ce0890000128a30009003200b0c2b300b0
:104e70006e19900000497800ae0990008301e900a6
:104e8000330f980014002000540f980010003700d2
:104e9000ce0a90000538a3000900320000c2b3001a
:104ea0006e1b9000004b7800ae0b90008703e9006a
:104eb000370f980018002000580f980004003700a2
:104ec000ae0c9000390f98000005eb005a0f9800c7
:104ed0002e189000be1890004e199000de19900018
:104ee000b8ff0700f4ff2f00f5ff2f00f6ff2f009b
:104ef000f7ff27000402600085826000060361005e
:104f0000878361006000b8000200200003ff2700d3
:104f10000020e10001a8e10002b0e10003b8e100d7
:104f20000c003a008d06fb001d04b100ee1d900040
:104f3000de08900001804500014b2100f98f5600ea
:104f400001003600414b21001b070700404b2100a8
:104f50002f0237000020e10001a8e10002b0e100cb
:104f600003b8e1000c0036008d06fb001d04b10003
:104f70006e199000de09900003004100814b210072
:104f8000f98f560001003600c14b21000a070700c7
:104f9000c04b21001e02370000c3b3006e1a900000
:104fa000de0a900000f27a000500e80000014200ed
:104fb0008d00fb00f6fb2f000683400026079800bb
:104fc00081c7b300f90f530001003e0081c5b30053
:104fd000014978000000e800500f98006022b800f6
:104fe0006033b8002e189000be1890004e19900043
:104ff000de1990002a0707000000e0005e00320082
:105000008003eb006044b8000a0020000bff23007f
:1050100068079800790798000a0f98001b0f9800fe
:1050200007067800050037000c06e8006e0c9000bb
:10503000fe0c90000e1590009e1590000802be0018
:105040000a03be000800be000a01be00b007070048
:105050000002be000203be00640f9800750f9800a6
:1050600006179800171798002e189000be18900089
:105070004e199000de199000090707000000e000bb
:10508000e9ff3d006c0f98002a0037006022b8004d
:105090000600200007fe23000800be000a01be0033
:1050a000950807006022b8006033b800fc060700ce
:1050b0000000e00016003a006022b8000600200060
:1050c000073524000800be000a01be008a08070058
:1050d0000004be000205be006022b80006002000e9
:1050e000073524002e189000be1890004e1990002d
:1050f000de199000800807000002be000203be0017
:10510000241f9800351f9800461f9800571f9800cd
:105110006022b8000600200007fe23000800be0041
:105120000a01be00740807000004be000205be00ac
:105130000c06e9000802be000a03be002e1890000b
:10514000be1890004e199000de199000d40607009a
:105150000000e000cdff35000800be000a01be00df
:105160006007980071079800020f9800130f9800cd
:105170006c0f9800090037008000eb00610f980069
:105180006022b8000600200007ff23006407980093
:1051900075079800060f9800170f9800ce02900030
:1051a000800120000500e000010035004e00900065
:1051b0000000e800300798006e049000fe049000a4
:1051c0000e0d90009e0d90006817980079179800ba
:1051d0000a1f98001b1f98002e1c9000be1c9000f8
:1051e0004e1d9000de1d90000006eb003a003700d7
:1051f0006e129000fe1290000e1b90009e1b9000fd
:105200000800be000a01be008c070700820c0700e0
:105210000002be000203be00241798003517980054
:105220004617980057179800cb06070080027800b1
:10523000550798006e129000fe1290000e1b900011
:105240009e1b90002e109000be1090004e119000fa
:10525000de119000280807000002be000203be0015
:105260000800be000a01be00230707000004be00bc
:105270000205be006022b8000600200007fb2300e4
:105280006e109000fe1090000e1990009e19900074
:10529000190807000002be000203be006417980050
:1052a00075179800061f9800171f98000c06e80055
:1052b000ce0290000500e00007003d006022b8002b
:1052c0006033b8000800be000a01be007406070083
:1052d0000000e000040032003e039000860f5600fc
:1052e000c3ff3500010037003c0798006022b8007a
:1052f00006002000070224006e109000fe109000af
:105300000e1990009e199000fb0707000002be00d6
:105310000203be006417980075179800061f9800d6
:10532000171f98000800be000a01be005c060700b7
:105330000000e0000d0035006e129000fe1290009b
:105340000e1b90009e1b90000800be000a01be00cc
:10535000530607000000e00011003a00de02900052
:105360000508a300080032000d0037006044b800b3
:105370006055b80068179800791798000a1f9800c0
:105380001b1f9800060037006000b8006011b800cd
:105390006017980071179800021f9800131f98005b
:1053a0006e129000fe1290000e1b90009e1b90004b
:1053b0002e189000be1890004e199000de19900033
:1053c000d30607000002be000203be006417980067
:1053d00075179800061f9800171f980079fe0700a0
:1053e0000203be000002be00f0ff2f00f1ff2f00fd
:1053f000f2ff2f00f3ff27000004620081846200a7
:105400000205630083856300281f9800391f9800f8
:105410004a1f98005b1f98006000b800020020003f
:1054200003ff27000040e10001c8e10002d0e100d5
:1054300003d8e100bbfe3200be0c90008984e90075
:10544000291f98005e0e90008006eb005d07980013
:105450002d1798006f0037006e029000fe0290003a
:105460000e0b90009e0b90006e109000fe109000ae
:105470000e1990009e199000f0060700e60b070039
:105480000004be000205be0033060700800078005d
:105490000100e00006003a002e1090000000e0003d
:1054a000030032008d06e8003d0f980033003700fe
:1054b0005e0190000200e0000c003a00ae11900086
:1054c0000300e00009003200e0c2b3006e1a900051
:1054d00000727e000c06e800ae1a90008502e9001a
:1054e000251f98001600200056079800ee1b90001c
:1054f0000c8143000d00780007027800030037009c
:1055000003c3b300035978000000e9000000e00085
:10551000fbff3a00300f9800641f98000d0646000c
:10552000e98f500003003c00000320000100400010
:10553000020037007005200001004000ae0090001e
:10554000f98f500006003e00800078000150a00056
:105550001106b100f98f500001003e009d050700c3
:105560006e19900000717e000c06e8008d86ea003e
:10557000ae1990008d814100231f98006e029000ab
:10558000fe0290000e0b90009e0b90000800be00e3
:105590000a01be00580707000002be000203be0059
:1055a0006e109000fe1090000e1990009e19900051
:1055b000510607000002be000203be0064179800f7
:1055c00075179800061f9800171f98006022b800f2
:1055d0000600200007fb23006e009000fe009000f4
:1055e0000e0990009e099000430707000004be00ca
:1055f0000205be0068079800790798000a0f980016
:105600001b0f9800ae1490008904e9002917980038
:10561000be0e90002e1590000a00ea00be05900014
:105620008b0f500004003d009e0078006580500004
:10563000800f560088ff39005e0190000200e000f4
:105640001e003a000d00e0007d003400ce01900005
:105650000300e0007a0034004e0a90000408a30022
:1056600077003a00ee1a90008c804200e0c2b3004e
:10567000804878000d0078008501780002c3b300ef
:10568000826878000000e900fcff3a00631f980080
:105690000c8646000c06e8002e1b90000600e90070
:1056a0000d005000201f980004003700e0c2b30036
:1056b000ee1b900080737e000c06e8006e1c9000cc
:1056c0000c0044000048eb009e0478008900e900cb
:1056d0000041eb0002f478008001eb006e0d9000b9
:1056e0000a00e00003003d000a05ea006a0f980086
:1056f00013002000120020006e0a90008103780041
:105700002e1b90006e1c9000800678000900370068
:1057100081037800a5002000110009000502d800cf
:105720000002be000543b00005f47b000201e90061
:105730000603e9008700e9000400e000f4ff3a00f6
:10574000e10f5100f2ff3200261f9800681f9800f9
:105750000d00780001024400b2c2b3000300e00073
:1057600001003200d2c2b300024a78000101e90010
:10577000ee1990008280410003c7b3002e02900012
:10578000f90f520001003e0003c5b30083487800c2
:10579000820f560001003d0007050700ce0a900069
:1057a00063806200e20f500018003a002e1b900048
:1057b0000684e9004240a900140034006e189000ed
:1057c00095f00700800044008100e800ee1b900087
:1057d000818043008701780002003700e360780091
:1057e0000000e900de0c9000890f5000fbff3d0037
:1057f000631f980009804100080178000103200020
:105800001bf007000005eb002a0f98006e189000af
:1058100081f007004e0a9000ae0990000001780068
:10582000ee1890001e0090006bfb07004f06be00b4
:105830004f05be004f04be000080fa0000000600c5
:10584000ce0d90000b48a30098ff3a009bff370055
:10585000ec874700889fbe008a9fbe008c9fbe00d9
:105860008e1f780000067800010478001807900069
:105870002805900098067800cdb79f00b8059000e5
:105880003202be002203be000400be000601be00bc
:105890004f18de006011b8008000eb00d0b79f0009
:1058a000e1b79f00f2b79f0083bf9f00800478009c
:1058b0000900e000060032006000b8006011b80086
:1058c000040250008582580006035900878359005e
:1058d0000e00e000020035000d10a100cdb79f00c2
:1058e0000900e00005003a004fb097000028a3002f
:1058f00002003a000038a300020032008a00e900ea
:10590000010037008a007800f8815700a2002000cb
:1059100008007800620307000900e00003003a0075
:10592000cfb097000128a300080032000000e90072
:1059300000814500b1c2b3000900e000010032005f
:10594000d1c2b30001497800050037000138a30037
:10595000030032000000e90001c2b3008175780045
:10596000480190000201e9000001510080804500db
:105970004fb297008a0178000c00780016fb0700f0
:105980009c0090000188a300040032009800900061
:10599000810f500001003d00010078004f077800a2
:1059a0004f06be004f05be004f04be00cf00b10041
:1059b00000000600000006004200fa00889fbe00ba
:1059c0008a9fbe008c9fbe0020079800110f980090
:1059d000034f980011007800400f9800910090004c
:1059e000610f98009e099000a3019000330f98006a
:1059f0001e0a900044029000140798009e0a90002e
:105a0000b5029000052798003204be002205be00b2
:105a10006022b8006033b8000800be000a01be0072
:105a20009f0407000000e00003003d000bf0a2000f
:105a3000d0c2b300040037004e0b90000628a3002c
:105a400009003200b0c2b3008e239000804b780072
:105a50003e0890000000e900700f9800110020003f
:105a6000510f9800100037004e0990000238a30033
:105a70000900320000c2b3008e21900080497800f6
:105a80003e0a90000402e900740f980015002000ff
:105a9000550f9800040037003e0b9000760f9800d9
:105aa0008003eb00570f98000800be000a01be00fb
:105ab000c0ff0700f4ff2f00f5ff2f00f6ff2f00b7
:105ac000f7ff270004026000858260000603610082
:105ad000878361006000b8000200200003ff2700f8
:105ae0000020e10001a8e10002b0e10003b8e100fc
:105af00011003a000e4890008000fb001104b10034
:105b00000e219000de09900003004100f98f500043
:105b100002003e00014c210001003700414c2100f1
:105b200025040700404c2100bbef07005e0a9000ef
:105b300004014000150037000020e10001a8e10049
:105b400002b0e10003b8e100130036008e4a900075
:105b50008500fb001104b1000e239000de0b9000c5
:105b600007004300f98f500002003e00814c2100e5
:105b700001003700c14c21000f040700c04c210078
:105b8000a5ef0700de089000010140004e0a9000da
:105b9000be099000500237006022b8006033b800a0
:105ba0000800be000a01be003d0407000000e0003e
:105bb0006a0032006022b8000600200007ff2300c0
:105bc00044179800551798006617980077179800a3
:105bd0008006eb000800be000a01be00001f98000e
:105be000111f9800221f9800331f98000e26900066
:105bf000070037008d06e8000802be000a03be0059
:105c00004417980055179800661798007717980062
:105c10006022b80006002000470224004e109000c9
:105c2000de1090006e119000fe119000b20507008a
:105c30000004be000205be000002be000203be005a
:105c40000e1890009e1890002e199000be1990001a
:105c5000130407000000e000e6ff3d000c27980059
:105c60000006eb004e149000de1490006e159000bc
:105c7000fe1590002500370040ed2f00808f560064
:105c800019003d000c00e00016003a006022b80048
:105c900006002000073524000e1890009e18900082
:105ca0002e199000be199000930507000002be0057
:105cb0000203be00041f9800151f9800261f9800bd
:105cc000371f98006022b800060020000735240026
:105cd0000800be000a01be00870507000004be00e0
:105ce0000205be001c0020006022b8000600200053
:105cf000470224000800be000a01be00cf040700ce
:105d00000004be000205be008d06e9000802be00c8
:105d10000a03be000e1890009e1890002e199000e5
:105d2000be199000de0307000000e000d2ff35003e
:105d30000800be000a01be004017980051179800e5
:105d400062179800731798000e1c90009e1c90001c
:105d50002e1d9000be1d9000080037006022b80084
:105d60000600200007ff23004417980055179800ed
:105d700066179800771798008006eb008e4a90000f
:105d80000500fb0008fc0700104f98006e0b900008
:105d9000600020000600e000010035006e08900061
:105da00071c6b3009e4b900081cf53000a003a00a9
:105db000ee0890000100e000cf013200cf01370073
:105dc0008d0f5000d3013c00001f980052c6b30055
:105dd000425f98001e0037009e499000435f980084
:105de0000200370064c6b300445f98000000e8007a
:105df000001f980060c6b300ce5a900080cf5200ba
:105e000013003a000d00e00008003d006000b800fb
:105e10000200200003ff230040179800511798004c
:105e200062179800731798008006eb0061c6b300f4
:105e3000415f980070c6b3001e499000804f51002a
:105e4000030032008e1990008d814100031f9800dd
:105e50004e129000de1290006e139000fe13900020
:105e6000441f9800551f9800661f9800771f9800e0
:105e70000800be000a01be00001798001117980024
:105e800022179800331798000006eb000802be00a6
:105e90000a03be005407980065079800760798002b
:105ea000070f9800310037004e1a9000de1a90005c
:105eb0006e1b9000fe1b90000e1090009e10900034
:105ec0002e119000be1190005c04070052090700db
:105ed0000004be000205be009f0307008002780098
:105ee000250f98004e1a9000de1a90006e1b90004d
:105ef000fe1b90000800be000a01be00fe04070061
:105f00000e1290009e1290002e139000be1390006f
:105f1000f90307000002be000203be0007f0a20062
:105f2000041798001517980026179800371798003f
:105f30006022b80006002000470224004e1890009e
:105f4000de1890006e199000fe1990003b040700c7
:105f50000002be000203be00441f9800551f9800b7
:105f6000661f9800771f98000c06e8008e1a9000b4
:105f7000850f5600ccff35005e049000ee049000c3
:105f80007e0590008e0d90006022b8000600200073
:105f9000470124004e189000de1890006e19900002
:105fa000fe199000d40407000002be000203be00e8
:105fb000441f9800551f9800661f9800771f98008f
:105fc0000e1090009e1090002e119000be119000b7
:105fd000330307000000e0000f0035004e1a900068
:105fe000de1a90006e1b9000fe1b90000e109000b9
:105ff0009e1090002e119000be1190002803070003
:106000000000e00011003a00ae0a90000508a3006d
:10601000080032000d0037006000b8006011b800c1
:10602000401f9800511f9800621f9800731f98002e
:10603000060037006022b8006033b800441f9800a3
:10604000551f9800661f9800771f98004e1a900001
:10605000de1a90006e1b9000fe1b90000800be0030
:106060000a01be00aa0307000002be000203be0030
:1060700004179800151798002617980037179800ee
:106080006022b80006002000470224004e10900055
:10609000de1090006e119000fe1190009604070033
:1060a0000004be000205be000002be000203be00e6
:1060b0000e1090009e1090002e119000be119000c6
:1060c000fc0207000000e000090035008d06e80032
:1060d00060c6b300ce5a900080cf520008003a004c
:1060e0000e1b90000603e800061f98001100370001
:1060f0004e149000de1490006e159000fe15900076
:1061000050c6b3004e599000804f510009003a002c
:106110000802be000a03be00441f9800551f9800e5
:10612000661f9800771f98008002eb0045179800c3
:10613000070037000800be000a01be00401f98009b
:10614000511f9800621f9800731f98004d17980008
:106150005e0e90000001eb00220f980032079800bd
:10616000520798000d0f78006a0037004e1a900011
:10617000de1a90006e1b9000fe1b90000e10900027
:106180009e1090002e119000be119000ab030700ee
:10619000a10807000004be000205be00ee020700d1
:1061a000e90f50000100340090002000ce0990005b
:1061b0000348a3000c003a000000e0000a003a0087
:1061c00071c6b3001e4a9000814f520006003a008b
:1061d000ce1290000500e00003003d002e0b900061
:1061e0008606e80023003700be0390000700e000a9
:1061f0000c003a00ce1090000100e00009003d00c4
:10620000e1c2b3000e21900001717e000c06e8008f
:10621000fe0990008301e900730f9800140020002c
:10622000340798008e2290000c814200ae0e900040
:10623000850178000300370001c3b30001597800dd
:106240008d06e9000d00e000fbff3a0003279800ef
:106250002e0b9000060646000043b00080717e00c1
:106260000c06e8000680ea00fe0b900080834300e5
:10627000770f98004e1a9000de1a90006e1b900067
:10628000fe1b90000800be000a01be001a040700b1
:106290000e1290009e1290002e139000be139000dc
:1062a000150307000002be000203be0007f0a200b3
:1062b00004179800151798002617980037179800ac
:1062c0006022b80006002000470224004e1890000b
:1062d000de1890006e199000fe1990005703070019
:1062e0000002be000203be00441f9800551f980024
:1062f000661f9800771f9800ce1290008502e90073
:10630000451798005e0390000603e80056079800c2
:106310002d0f9800de0390000e189000808f530020
:1063200005003d009e08900041009000650050006f
:10633000800f56008dff39009e0678003e019000c8
:106340000200e00007003a00ce0990000348a300d5
:1063500004003200e0c2b3000e22900000727e0002
:106360000c06e8008e2290000c8042000048eb00f2
:1063700051c6b3004e5b9000814f530038003a0085
:106380009e0390008700e9000041eb0082f2780054
:106390008001eb000d00e00002003d008d06ea00e8
:1063a000130020002200200001037800fe0a900064
:1063b0008e239000000478000a0037000103780063
:1063c000a4002000110009008406d8000102780012
:1063d000800678000443b00084737b000201e9006a
:1063e0008502e9008600e9000d00e000f3ff3a00b5
:1063f0000200e000f1ff3c00750f980007279800ad
:106400000800780001824300b2c2b3000300e0003c
:1064100001003200d2c2b300024a78000101e90053
:106420008e219000828041008e4a90000502fb0080
:106430001404b10053c6b300f90f520001003e002e
:1064400053c4b300834878007e0b90000683e900b4
:10645000760f9800820f560001003d00d60107001c
:10646000ce0b900063806300e20f500015003a00ed
:106470007e0890000000e000120034000e20900022
:1064800065ed07008e219000040037007e09900022
:1064900082804100e37078000000e900de0a90008d
:1064a000850f5000f9ff3d0003279800058041004b
:1064b0007e09900001032000edec07000003eb00d3
:1064c000360f98000e20900053ed07004e0a900002
:1064d000be099000000178008e2090002e009000f0
:1064e0003df807004f06be004f05be004f04be003a
:1064f0000080fa000000060010002000e48f460033
:106500002ffe3d00001f980057c6b300475f98005c
:106510004ffe37000d00e00032fe3500001f9800ee
:1065200042fe37000200fa00889fbe008a9fbe002c
:1065300080057800010478000200780018019000be
:106540002805900098007800b1bf9f00b804900023
:106550000200e000020035000110a100b1bf9f0061
:10656000ea815700820020008a0078003002be00d5
:106570002003be0008007800490007003fb99700db
:10658000f0006100030032000000e90001c3b30025
:10659000817478003fb99700e80061000300320081
:1065a0000000e90001c2b300817478004801900046
:1065b0000201e90000015100808044003fba9700c9
:1065c0008a0178000b00780003f807009b00900018
:1065d0000188a3000400320098009000810f500051
:1065e00001003d00010078004f05be004f04be00d1
:1065f0000080fa0000000600ea874700889fbe007e
:106600008a9fbe008e1f7800000478000300780087
:106610007287570084e2260055c72600049fbe00fb
:10662000c3962200030f78006c875700004feb00e1
:1066300011059000a1049000910578000200e0008f
:10664000020032000207780001003700728757000d
:106650000000e00002003a000e007800eeec0700b7
:106660000a00e000030035008a0f500001003600e8
:106670000a0078000b027800890178000001780098
:106680008e00780008007800d3f707004f077800e5
:106690004f05be004f04be00af00b1000000060071
:1066a000f4874700889fbe008a9fbe008c9fbe0073
:1066b0008e1f78000605be000404be0081bf9f0047
:1066c00082b79f00f3b79f00b0009000e1b79f0032
:1066d0001301780092b79f00900690004000900050
:1066e0000000e900000678000d00e00001003d0018
:1066f0001d0020008040eb00efb197008171780011
:106700001e0020001f0037000c06e9000fb09700a4
:10671000cf80de006109b900a0b79f00b1b79f002c
:10672000c2b79f00d3b79f000203be000002be00a5
:106730000800be000a01be006505070000077800da
:106740000e4078000043b000efb0970080707e00ec
:106750008d06e9000fb997000201e90082bf9f0092
:106760002fb29700bfb297004fb39700dfb39700e7
:106770000800be000a01be004e0507000205be006b
:106780000004be000c00e0000d003400e00f5400d7
:10679000e08f5c00e00f5d00e08f5d00daff3a0003
:1067a0000d00e000d8ff3c008fb997000300e00027
:1067b000030034001fb097000018a300d2ff3a0076
:1067c0000e00e00002003a00ffb097001140a10067
:1067d0000c0078004f0778004f06be004f05be0042
:1067e0004f04be004f01b100000006000200fa0095
:1067f000889fbe008a9fbe000005780001047800d3
:106800000200780018019000a80490009800780019
:10681000b1bf9f00b80590000200e0000200350003
:106820000110a100b1bf9f00ea815700a200200023
:10683000890078003002be002003be000800780006
:1068400097ff0700480190000201e9000001510094
:10685000808045003fba9700890178000a007800df
:106860005df707009a0090000188a3000400320041
:1068700098009000810f500001003d000100780059
:106880004f05be004f04be000080fa000000060065
:10689000fa874700889fbe008a9fbe008c9fbe007b
:1068a0008e1f78008004780001047800820578004b
:1068b000180190002805900018077800b800900093
:1068c0000200e000020035000e10a10001003700b8
:1068d0001200200070006700e0b79f00090032003e
:1068e0003b02be002b03be00e00f5200e08f5a00b7
:1068f000e00f5b00e08f5b00020032008a86e90057
:10690000010037008a067800e8026700f5b79f00ab
:10691000010032008d06e9003b02be002b03be00e1
:10692000e4af9f00f5af9f0086b79f0097b79f0029
:10693000480690000c06e9000040eb0080707e00e5
:10694000efb297007fb29700890378008104780046
:10695000d8af9f00020478008bbf9f008a057800a3
:10696000034578002a0037000c06e9006fab97005a
:106970006f006300e90f500002003c000003b0000c
:10698000010037007005b0000a03fb001604b100d7
:10699000f90f53000c003e00000378000650a000e1
:1069a0001606b100f90f530007003e00b4b79f0070
:1069b000a5b79f00c7b79f0086000700cfb3970019
:1069c000afb297003fb2970080747e000804e900e0
:1069d0008d06e9006fa89700ffa897000fb19700f8
:1069e0009fb19700460020008301d1000281d300af
:1069f0008180d3000080d3000603e900faff3a004b
:106a0000e0af9f00f1af9f0082b79f0093b79f0058
:106a1000e10f56000f0034006fa89700ffa8970001
:106a20000fb197009fb19700e00f5000e08f580022
:106a3000e00f5900e08f5900cbff3a000800e0005a
:106a4000c9ff3c000d00e000020034000e18a30056
:106a5000c5ff3a0089007800f4b79f0087047800ea
:106a60005fac97008a4178000b0578008fbd9700d6
:106a70000500e000100032003b02be002b03be0008
:106a8000e4af9f00f5af9f0086b79f0097b79f00c8
:106a9000e00f5200e08f5a00e00f5b00e08f5b00d8
:106aa000050032000c06e90083707e000c06e90048
:106ab00000c3b30080707e00ffb297000500e000c5
:106ac000030032000c06e90000c2b30080707e00b3
:106ad000480190000201e9000c0151008c80400047
:106ae0000e0278008a01780009007800baf60700e3
:106af000990090000188a3000400320098009000e3
:106b0000810f500001003d00010078004f07780020
:106b10004f06be004f05be004f04be00af01b100de
:106b200000000600881f780000047800486090008c
:106b30008040e90000c0700040649800d8009000d8
:106b400068009000808f500005003600b809900062
:106b50000001eb00820078000800780003000100cb
:106b60000000eb00200c980060049800500498008e
:106b7000980090000118a300030032000140a0001b
:106b80001104980008003700280190003800900098
:106b90000000410000149800700c98000000eb0009
:106ba0000138a300010032000080eb004f047800a0
:106bb0000000060010003700881f780000047800ed
:106bc0000800780016000700080078004f047800dd
:106bd00000000600f1f92f0080804000f98f50007e
:106be00001003e00f005b20000000600f9ff37008a
:106bf0000000060000000500fdff070000a7800060
:106c00008000eb00fbff070000a780008000eb0086
:106c1000f8ff070000a780008000eb00f5ff3700b9
:106c20000101780080017800008268000408a30058
:106c30000500320013003700324078008059780098
:106c40000004e00014003200030278000208a300f0
:106c5000f9ff3a00030078000100370003187800bc
:106c600082007800b2017800f5ef2f0083824200a5
:106c70000382ea000482620005082800050262001f
:106c8000f6ff3200000278003141780002587800a7
:106c90000204e000fbff3a00040078000000060058
:106ca0008f1fd100950407008f87e9000000e000e6
:106cb00000000600809feb00900407008f87e9002a
:106cc0000000e00000000600801feb008b040700be
:106cd0008f87e9000000e0000000060081037800d3
:106ce000d2e607000001be006000b8000478a300ef
:106cf00013003a006220e10015003e000d0039004b
:106d00008301d1000281d3008180d3008301d100af
:106d10000281d3008180d3008301d1000281d3009e
:106d20008180d3000538b000c42add00f300b20032
:106d30008381720007f0a70003f0a00000000600a6
:106d400083ff2700020020006110b900f9ff37001f
:106d500003ff2700f7ff37001400fa00889fbe00ea
:106d60008a9fbe008c9fbe000004be000205be00cc
:106d7000680047000a90be000890be009a04070011
:106d80000070a7000bf0a100304320009e0290008d
:106d900080825200b0fe2f000028e10011003d006b
:106da000b0fc2f000028e100150034001e099000ff
:106db0008e0890007e0090000501b0000201d10015
:106dc0008180d3000080d3008502e800fbff3a00f9
:106dd0000b00e000bf043b0060001000e0801800e2
:106de000bc043700f0ff2f00f1ff27000b00e0008c
:106df000b8043b000100280000002000b504370063
:106e00006000b800b30437004f89de0082017800cb
:106e1000b50437004f89de0082017800c2043700d4
:106e20006011b800d00437001400fa00889fbe003b
:106e30008a9fbe008c9fbe000005be000206be00f9
:106e4000680047000c90be000a90be006604070070
:106e50006400e1001a00320016003e006100e1000b
:106e60001a0032006e049000fe0490000e0b900099
:106e70009e0b90006011b8009e0590000b38b10089
:106e8000d501200082817100610164008703d10077
:106e90000683d3008984d3000884d3008502e900e7
:106ea000f8ff3a0055e907000df0a70001f0a00037
:106eb0008804370001fc270000002000faff37009b
:106ec00001f8270000002000f7ff37006000b8003d
:106ed000f5ff37006ae607000400be000000060068
:106ee000020ab900001bb9000200b800810042008c
:106ef00081004300000006008c9fbe008a9fbe00f8
:106f0000889fbe00ca0107000bf0a20004003700f2
:106f10008c9fbe008a9fbe00889fbe00c4010700f0
:106f20000c48e1000b003a000c40e1000200320086
:106f30008b010700400037008b066d003e003200d9
:106f40000af0a100f3012000f2ff2f006110b90048
:106f5000390037000c40e100370032000940e10001
:106f6000010036007e0107008a856d00cf5dde00de
:106f70000b0575000006eb008804fd008904540031
:106f8000010032007d0107000a04e00011003a0010
:106f90000800e0002800320004004000858048001e
:106fa00006014900878149000358a30018003200f8
:106fb0008301d1000281d3008180d3000080d300ff
:106fc0000c86d30001003900610676000804e80051
:106fd0001800370004005000858058000601590051
:106fe00087815900060031000af0a2000c06ea0071
:106ff00060001800e080180060011900e0811900ad
:1070000003003a000004eb000005eb000a00370023
:107010000348a30007003a000c06460000004800a1
:107020008180480002014900838149000804e90089
:10703000f7ff3700af013700c90137008c9fbe0052
:107040008a9fbe00889fbe00790107000b056d0076
:107050000940e1000a003a000800e00002003200a6
:107060000c40e10006003a000af0a1000c04780090
:10707000f3012000f2ff2f006110b9009d003700de
:107080000c40e1009b0032000800e0009900320053
:107090000c48e10002003a000004eb000300370056
:1070a0000900e00004003a000c0478006000b80019
:1070b0006011b8008f0037000348a30006003a00b3
:1070c000000040008180480002014900838149009e
:1070d0000804e900f8ff37000748a30006003a005b
:1070e0000402420085824a0006034b0087834b005e
:1070f0008904e900f8ff3700fd3f20008d8454002b
:10710000090454008a1f7800881f78000004780062
:107110008104780002057800830578006000b800db
:107120006011b8000d042000050037000804440079
:1071300089844c000a054d008b854d000800310004
:107140000404540085845c0006055d0087855d00ad
:107150008381d2008d06d300f4ff3b000700370087
:107160000404440085844c0006054d0087854d00cd
:107170008381d2008d06d300ecff3b00080444005d
:1071800089844c000a054d008b854d0008003100b4
:107190000404540085845c0006055d0087855d005d
:1071a0000281d2008d06d300f4ff3b0007003700b8
:1071b0000404440085844c0006054d0087854d007d
:1071c0000281d2008d06d300ecff3b00080444008e
:1071d00089844c000a054d008b854d000800310064
:1071e0000404540085845c0006055d0087855d000d
:1071f0008180d2008d06d300f4ff3b0007003700ea
:107200000404440085844c0006054d0087854d002c
:107210008180d2008d06d300ecff3b0008044400bf
:1072200089844c000a054d008b854d000800310013
:107230000404540085845c0006055d0087855d00bc
:107240000080d2008d06d300f4ff3b00070037001a
:107250000404440085844c0006054d0087854d00dc
:107260000080d2008d06d300ecff3b000b00e00055
:1072700004003d000404440085844c0006054d00d4
:1072800087854d000006eb008301d1000281d30009
:107290008180d3000080d3000c86d3008301d1000d
:1072a0000281d3008180d3000080d3000c86d300fc
:1072b000890474008b0575008b8474000100320012
:1072c000610676004f0478004f0578000348a3005c
:1072d00007003a000c064600000048008180480084
:1072e00002014900838149000804e900f7ff3700e3
:1072f000000137001a0137008c9fbe008a9fbe0034
:10730000889fbe00ca0007000b056d008a05780043
:107310000c40e10008003a000900e00082003a0059
:107320000af0a1000c047800f3012000f2ff2f0006
:107330006110b9007c0037000c48e10004003a00fd
:10734000870007000900e00077003a00f4ff3700eb
:107350000800e000740032000900e00002003a007a
:107360007f00070070003700ed3f20008d8454003f
:10737000090444008a1f7800881f7800871f78005e
:10738000861f7800851f7800841f7800cb19dd00e8
:10739000c515de008b8571004b11dd00450dde004b
:1073a0000a057100cb08dd00c504de008984700089
:1073b0004b04dd000440b8000546b8008c80400056
:1073c00060814e00044eb8008c8040000d014900e1
:1073d0008001eb000318ad000456b8000c01410019
:1073e0008d8149000002eb000420ad000646b80084
:1073f0000c0141008d81490060024a00054eb80031
:107400000c0141008d81490060024a000556b80018
:107410008c8141000d024a008002eb000528ad007e
:107420000746b8008c8141000d024a00e0824a0004
:10743000064eb8008c8141000d024a00e0824a00ed
:107440004f0678000c5eb8008c8141000d024a00a6
:10745000e0824a000656b8000c0242008d824a00c3
:107460000003eb000630ad00074eb8000c024200ee
:107470008d824a0060034b004f0678000c5eb80016
:107480000c0242008d824a0060034b000756b80090
:107490008c8242000d034b008003eb000738ad00e7
:1074a0004f0678000c5eb8008c8242000d034b0042
:1074b000e0834b004f0678000c5eb8000c034300dd
:1074c0008d834b004f0478004f0578000748a300d8
:1074d0000a003a0000004000818048000201490093
:1074e0008381490004024a0085824a0006034b005a
:1074f00087834b000804e900f4ff37000306780097
:107500008080700082807000010032006106760089
:107510008701780006017800850078000400780073
:1075200088047800780037008d0037008c0646000c
:1075300002003a000000a6000000060060004800bb
:10754000e080480060014900e08149000350a60046
:10755000000006008301d1000804e80000000600d6
:107560000002fd008102fd000203fd008303fd0017
:107570008804fd008a05fd00000006007048e10057
:107580001a0039007d0320000d48e1000a0039008f
:1075900081057000830671008c8575008d857500ee
:1075a0000006eb000cd8e700610676006000b8002a
:1075b0006011b800000006007048e1000b003900bf
:1075c0008c057800000678000100780082007800c1
:1075d000030178008001eb0003d8e7006106760024
:1075e000f0845400f4ff3a00000006006160e100fe
:1075f0000c48ad00f08514008b06dd000966de0046
:107600000d0676008b0edd000900de000d00700017
:107610008b16dd008908de008d8070008b1edd007a
:107620000911de000d0171008919de00000006005d
:107630000d002800fc7f20000d856100441cde0049
:10764000ef8161000c046400010032000340a000df
:107650008d856300c43cde00ef8363008c8464008e
:10766000010032000740a0000c40e10006003a0093
:10767000ef866100828676008186760080867600bd
:1076800001003200180037000c48e10007003a0002
:10769000ef8663008686760085867600848676008f
:1076a00002003200aeff07000f0037000348a300be
:1076b00005003a0081067000828676008386760097
:1076c000010032000804e8000748a30005003a0062
:1076d0008506720086867600878676000100320075
:1076e0008904e80000000600cf047800cf05780088
:1076f0001b00370000027800810278000203780046
:1077000083037800880478000cf0a70087ff070047
:10771000fd7f20000d40e100040035000d047800dd
:107720006000b8006011b8000d0037000800e000ec
:107730000b003c000400780085007800060178000a
:1077400087017800e18414008cff07000cf0a7008b
:1077500076ff07000004eb000340a7000804e800e0
:107760004444dd006fc56100880175004f04be0010
:107770004f05be004f06be000000060003836800f0
:107780000700280007036300470ade000480a10009
:10779000c71ade000580a100f70f20000720e100d6
:1077a000420032000728e10040003200889fbe00fe
:1077b0008a9fbe008c1f7800f107b200f307b20069
:1077c0000400e000640032000170a0000500e00049
:1077d000680032000370a00085054200eb07b1008d
:1077e0000204b8000302b8008484440060854a00a3
:1077f000020ab800848444000a854a00030ab800db
:1078000004054500040033000804d0008984d20038
:107810000a85d2008b05e9006158e1003d00350082
:107820000210200009016100030820008981610025
:10783000f70720008783640008867300c84cde00c9
:10784000c853dd00878474004855de000300e00063
:107850000600320082037600040032008904e8004a
:1078600060054d000a88a3000c003a00f70f2000c5
:107870000758e10044003d000a70a100c75ddd002b
:107880000a8575008a007300090078004f067800a9
:107890004f05be004f04be00000006000a05d100df
:1078a0008984d3008b05e800f0ff3700881f78003b
:1078b00006047800f9e50700070278000001fd00e2
:1078c0008101fd00f5e5070087027800850372005d
:1078d0000778a300050032000001fd008101fd00d2
:1078e00008e607004f0478000000060085037200d8
:1078f0000748a30003003200f0ff2f00f1ff27002c
:10790000f8ff37000000200001f827008880700091
:10791000f4ff3700880178004848dd00808171005d
:107920004848de00c850dd0001007000c850de008d
:10793000060478000b017800aee50700888070002f
:10794000d2ff37000500e0000500320017002000dc
:10795000100007009dff370081037000f9ff3a0017
:10796000860078004f0678004f05be004f04be0029
:107970000000050083037100f9ff3200270020009a
:107980000400070094ff370001f82700868070008c
:10799000f4ff3700889fbe000004eb006138e1006f
:1079a00016003a000100e00008003a00c800de00be
:1079b0004800dd00880020000100e00003003a00dc
:1079c000c800de004800dd00680444008184cf0068
:1079d000e9845400060034008908dd00f0831400b7
:1079e0008703de00878070000900dd000904440081
:1079f000610214004f04be00000006000300e00016
:107a000008003a00c811de004811dd00880020009f
:107a10000300e00003003a00c811de004811dd0059
:107a2000680444008384cf00e984540006003400d5
:107a30008919dd00f08314008713de00878171004f
:107a40000911dd0009044400e1021400e9ff3700d8
:107a5000889fbe008a9fbe0030044200b0844a0066
:107a600030054b0090854b006000b1000898be00c7
:107a70000a90be000440e10005c8e10006d0e10024
:107a800007d8e10002003100680040001008e8005b
:107a90004f05be004f04be0000000600889fbe00d8
:107aa0008a9fbe003004be002005be0004185400aa
:107ab00005985c0006185d0007985d001100200025
:107ac0000440e10005c8e10006d0e10007d8e1006c
:107ad000010039008000eb00108810004f05be0047
:107ae0004f04be00000006001200fa00889fbe008e
:107af0008a9fbe008c9fbe00e0b79f00f1b79f0039
:107b000082bf9f0093bf9f000605be000404be0015
:107b10000000eb00d0b79f00c0b79f00b0b79f0038
:107b2000a0b79f0090b79f00000678005fb1970054
:107b3000cfb09700820141003fb097000200e00003
:107b400004003d00370007007e805700c0ff07009b
:107b500003003700330007007e805700cfff070087
:107b6000dfb697000d00e0000c0035006fb2970003
:107b7000ffb297000fbb97009fbb9700100020003b
:107b8000010020006011b8000002720081827200c2
:107b900002037300838373001b0007000c06e800d8
:107ba00001042000810f5600e0ff3a000d00e000c4
:107bb00004003d000802be000a03be007e8057009c
:107bc000a3ff07005fa897000000e00005003a004f
:107bd0001fb29700afb297003fb39700cfb39700a3
:107be000090007006fb09700ffb097000fb997002a
:107bf0009fb997004f06be004f05be004f04be0060
:107c00000080fa00000006000100070000000600e6
:107c1000a4b79f00b5b79f00c6b79f00d7b79f0016
:107c2000000006004f09de0082817100b3b79f009b
:107c30004f01de008180400082807000a1b79f006c
:107c40008fb097004f09de00000040000200700076
:107c500090b79f007fa897004f01de008180400011
:107c60008280700081b79f000d0007004f3ade0050
:107c70000000400004007000f0af9f000800070003
:107c80000402420085824a0006034b0087834b00b2
:107c9000dfff07000802be000a03be000000060066
:107ca0002fb29700bfb297004fb39700dfb3970092
:107cb00000000600881f780018002000881f780048
:107cc00089ff07008f87e9004f0478000000060055
:107cd000801feb0084ff07008f87e900000006008b
:107ce000889fbe008a9fbe00e00f5000e08f5800c2
:107cf000e00f5900e08f59000c003d006044b800cf
:107d00006055b8000000540081805c0002015d00f5
:107d100083815d00180020001500070008003d0069
:107d2000180007000004eb00050037000004eb001a
:107d30000f00070002003d0012000700180020009d
:107d4000dcff07000800e000060032006022b800f7
:107d50006033b8000000520081805a0002015b00cd
:107d600083815b004f05be004f04be00000006008b
:107d7000e00f5200e08f5a00e00f5b00e08f5b00e5
:107d8000000006006044b8006055b80004025400ca
:107d900085825c0006035d0087835d0000000600ad
:107da000889fbe008a9fbe008c1f7800e00f5000a5
:107db000e08f5800e00f5900e08f59000d003d00a2
:107dc0006044b8006055b8000000540081805c0039
:107dd00002015d0083815d001c0020000820e1009d
:107de00009a8e1000ab0e1000bb8e1000d003d0078
:107df000080037000006eb00e00f5200e08f5a0049
:107e0000e00f5b00e08f5b0006003d006044b800bf
:107e10006055b8000402540085825c0006035d00d2
:107e200087835d00aaff07000c00e0000600320017
:107e30006022b8006033b8000000520081805a0010
:107e400002015b0083815b004f0678004f05be0096
:107e50004f04be0000000600889fbe008a9fbe003f
:107e60008c1f78000006eb00e00f5000e08f5800f8
:107e7000e00f5900e08f590007003d006044b80052
:107e80006055b8000000540081805c0002015d0074
:107e900083815d001c002000e00f5200e08f5a003b
:107ea000e00f5b00e08f5b0007003d006044b8001e
:107eb0006055b8000402540085825c0006035d0032
:107ec00087835d000c00a200d20007000c00e000d8
:107ed000060032006022b8006033b8000000520093
:107ee00081805a0002015b0083815b004f067800ad
:107ef0004f05be004f04be0000000600889fbe0074
:107f00008a9fbe008c9fbe000404be000605be0012
:107f1000809fbe00829fbe002100070004067800fb
:107f20000800be000a01be001d000700840678009c
:107f30004f03be004f02be008d4f76007fb097000a
:107f400013003300f0ff2f008b8f6b0006003b0007
:107f50000d0666000c00a7000a00370007f0a60017
:107f6000100020000a003700880f5200898f5a0045
:107f70008a0f5b008b8f5b0003003900100020002c
:107f800001003e000000200007f0a7000000ea000a
:107f90004f06be004f05be004f04be0000000600a5
:107fa00005ff270005826100070032000428e10078
:107fb00001003200240005000600070001003a001d
:107fc000440005000408050002000700f9ff3a001c
:107fd000140005006f82610081027000850271004b
:107fe0008502720000000600800078005002be008a
:107ff0005003be004439de00f700b200f37f2000da
:1080000003016100090032000218e10016003a0085
:1080100085017200830173008381730000082000d2
:1080200015003a004000200013003700850172005f
:10803000830173008381730005003a0004a8be0029
:1080400006a8be00100020000b0037000201e90066
:108050000402420085824a0006034b0087834b00de
:108060000748a300f9ff32000740a00004a8be00a3
:1080700006a8be0020002000800098009200980012
:1080800000000600680447000294be000094be0091
:10809000fc0447008694be008494be00090078006a
:1080a000d1ff070008007800cfff07009900780093
:1080b000814f70000b003b000800be00a3000700ca
:1080c0004f00b10003003700f3ff2700f2ff2f003d
:1080d0006110b9004f06be004f05be004f04be0040
:1080e0000080fa0000000600881f78000304780072
:1080f0000300e00007003d0060001000e080180071
:1081000060011900e081190002003b0001f02d0020
:10811000030037001400070008f0a70003f0a000d8
:108120004f04780000000600881f780003047800e0
:108130000300e00007003d0060001000e080180030
:1081400060011900e081190002003b0001f02d00e0
:10815000030037007ae4070008f0a70001f0a00050
:108160004f04780000000600889fbe000082700067
:1081700004027100048271002400320036432000a2
:10818000c50020008383cf000a0039000541b100fb
:108190008283cf00070039000541b1008183cf0001
:1081a000040039000541b1008083cf00010039008f
:1081b0000541b10085c353006022b80012003200af
:1081c0000a003b0084827200610260008301d100da
:1081d0000281d3008180d3000080d3000603e80031
:1081e0008743e800f7ff3a0007003700000040002f
:1081f0008180480002014900838149000603e900ab
:108200008743e900f9ff3a00240007004f04be004d
:1082100000000600889fbe008a9fbe008c9fbe00a3
:108220000404b8000506b8008904460060854e00c5
:108230000606b8000a054600e0854e000706b800ad
:108240008b054600040eb800890446000a854e00de
:10825000e0854d00050eb8000a0546008b854e00ee
:10826000060eb8008b0546000416b8000a05460045
:108270008b854e000516b8008b054600041eb8001d
:108280008b0546000800be000a01be004f06be0076
:108290004f05be004f04be0000000600180020007d
:1082a00057002000080453000d003d000600200088
:1082b00097fc2f000740e1001e003400848272000a
:1082c000610260008301d1000281d3008180d3006c
:1082d0000080d3000804e800f8ff3a0047002000bf
:1082e0006104600005047400040464000d003200a1
:1082f00061004000e080480060014900e0814900e1
:1083000003b8a500070032000603e8006538e10065
:1083100004003a008301d1000281d3008180d300a0
:108320000080d300f87f20000830e1000300350012
:10833000080378006000b8006011b8004433dd0025
:10834000f300b2008301730000000600e4824000e5
:108350001078a30007003200640240001178a300e7
:108360003400be001401be00040032000330a70038
:10837000000006003500be001501be000330a0005d
:1083800000000600889fbe008a9fbe000004be0059
:108390000205be006000b8000200200003002800b3
:1083a0000002620081826200020363008383630033
:1083b000f0ff2f00f1ff2f00f2ff2f00f3ff270047
:1083c0000000640081806400020165008381650013
:1083d00000007200818072000201730083817300cb
:1083e0004f05be004f04be0000000600f4ff2f0042
:1083f000f5ff2f00f6ff2f00f7ff270004026000b3
:108400008582600006036100878361000400be006e
:108410000601be00000006001800fa00889fbe009a
:108420008a9fbe008c1f78000004be000205be00bb
:108430000802be000a03be00443ade00f07f2000be
:108440000006620020432000800f560067003c00b9
:108450006022b8006033b8000800be0010fa0700c0
:108460000000e000610032000802be000a03be0006
:10847000b4b79f00c5b79f00d6b79f00e7b79f006e
:10848000e00f5200e08f5a00e00f5b00e08f5b00ce
:108490000b003d006022b8000600200007332400d6
:1084a0000800be000a01be0093fa07006022b8006f
:1084b000060020000733240095fa07000a00370061
:1084c0006022b80006002000073324000800be0028
:1084d0000a01be008efa07006022b80006002000e4
:1084e0000733240084fa07000802be000a03be0016
:1084f00081fa07000002be000203be00f4b79f002d
:1085000085bf9f0096bf9f00a7bf9f00e03f200050
:10851000800f560017003c007fb097008fb897007f
:108520001fb99700afb99700f0af9f0081b79f00c8
:1085300092b79f00a3b79f006044b8006055b80091
:108540003fb29700cfb297005fb39700efb39700a9
:10855000e00f5200e08f5a00e00f5b00e08f5b00fd
:1085600022003d006044b8000a0020000bff2b00f1
:108570001e0037006022b8006033b8007fb097005b
:108580008fb897001fb99700afb99700c9f90700d6
:108590000000e0000c0034007fb297008fba970013
:1085a0001fbb9700afbb97000800be000a01be00ca
:1085b00057fa07006022b8000600200007ff2300da
:1085c0004dfa0700070037007fb297008fba970077
:1085d0001fbb9700afbb97000800be000a01be009a
:1085e0004bfa07000004be000205be000800be00f2
:1085f0000a01be004f0678004f05be004f04be00c2
:108600000080fa0000000600000006002f03b00002
:10861000889fbe008a9fbe008c9fbe008e1f780080
:108620000004be000205be000400be000601be003c
:10863000d0b79f00e1b79f00f2b79f0083bf9f00b4
:108640000203be000002be00d4af9f00e5af9f0052
:10865000f6af9f0087b79f000400420085804a0064
:1086600006014b0087814b00d0a79f00e1a79f0028
:10867000f2a79f0083af9f00e00f5000e08f5800eb
:10868000e00f5900e08f5900310032005fb09700d1
:10869000efb097007fb197008fb99700daff07001e
:1086a0000203be000002be0090af9f00a1af9f007a
:1086b000b2af9f00c3af9f00f0ff2f00f1ff2f006c
:1086c000f2ff2f00f3ff27000002620081826200a8
:1086d000020363008383630094a79f00a5a79f0004
:1086e000b6a79f00c7a79f006000b8000200200047
:1086f00003ff27000020e10001a8e10002b0e10033
:1087000003b8e10012003e000800be000a01be00ee
:1087100090af9f00a1af9f00b2af9f00c3af9f007b
:108720004418de006011b8008000eb0090a79f00a5
:10873000a1a79f00b2a79f00c3a79f00f07f2000c2
:108740009fa2970000866200800f56000b003a003f
:108750005fb29700efb297007fb397008fbb97008f
:108760000800be000a01be00e3fa07000002be00d6
:108770000203be0031fa07001b0037001fa8970054
:10878000afa897003fa99700cfa99700000040002d
:1087900081804800020149008381490090a79f0021
:1087a000a1a79f00b2a79f00c3a79f005fa2970049
:1087b000efa297007fa397008fab97000400e10022
:1087c0000588e1000690e1000798e10009003e00fd
:1087d0001c013a006022b8006033b8000800be00f7
:1087e0000a01be00c4fa07000004be000205be0074
:1087f000140137000c00e00023003a001fa8970086
:10880000afa897003fa99700cfa99700c500200007
:108810000000d0008180d2000281d2008381d2008a
:108820008502e900faff3a00050037000c06e9006e
:108830000000400081804800020149008381490016
:10884000e00f5000e08f5800e00f5900e08f590012
:10885000f6ff3d00610016001faa9700afaa97001f
:108860003fab9700cfab97000000e9000500330055
:108870000402d0008582d2000683d2008783d20012
:10888000f9ff37001b003700f4ff2f00f5ff2f0022
:10889000f6ff2f00f70020001fa89700afa8970051
:1088a0003fa99700cfa99700040060008580600071
:1088b0000601610087816100d0a79f00e1a79f00aa
:1088c000f2a79f0083af9f006000b8000200200065
:1088d000030120005fa29700efa297007fa39700fb
:1088e0008fab970000027200818272000203730056
:1088f0008383730094a79f00a5a79f00b6a79f003e
:10890000c7a79f005faa9700efaa97007fab9700c9
:108910008fb39700443ade00fd7f20008d06620091
:108920002f003a005faa9700efaa97007fab97004d
:108930008fb39700ce0020000402d0008582d200c1
:108940000683d2008783d2000e07e900faff3a00bf
:108950001fa09700afa097003fa19700cfa197005d
:10896000050037008d06e9000402420085824a00b6
:1089700006034b0087834b00e00f5200e08f5a0044
:10898000e00f5b00e08f5b00f6ff3d000203be00de
:108990000002be00618716005fa89700efa897004d
:1089a0007fa997008fb197000e07e90005003300fb
:1089b0000000d0008180d2000281d2008381d200e9
:1089c000f9ff3700d0af9f00e1af9f00f2af9f00eb
:1089d00083b79f000400be000601be001b003700e5
:1089e0005fa89700efa897007fa997008fb1970025
:1089f000f4ff2f00f5ff2f00f6ff2f00f7002000f7
:108a000004006000858060000601610087816100cc
:108a10006022b8000600200007012000040070005a
:108a2000858070000601710087817100d0af9f00c2
:108a3000e1af9f00f2af9f0083b79f001fa0970098
:108a4000afa097003fa19700cfa197000802be00fa
:108a50000a03be00d4a79f00e5a79f00f6a79f00ca
:108a600087af9f0012003700e00f5200e08f5a00de
:108a7000e00f5b00e08f5b000800350005003a0066
:108a80005fa49700efa497007fa597008fad970094
:108a900050ff37000400be000601be000000400089
:108aa0008180480002014900838149000c06e900e9
:108ab0005fac9700efac97007fad97008fb5970044
:108ac00008025000898258000a0359008b8359001c
:108ad0008d0f5600e4ff3c0090a79f00a1a79f00c8
:108ae000b2a79f00c3a79f005fa49700efa49700c1
:108af0007fa597008fad9700e00f5200e08f5a00de
:108b0000e00f5b00e08f5b0008003d0012003700c3
:108b10000400be000601be0094a79f00a5a79f0009
:108b2000b6a79f00c7a79f000b003700e00f5200b9
:108b3000e08f5a00e00f5b00e08f5b00f4ff3a002b
:108b400024ff3700000040008180480002014900f6
:108b5000838149000c06e9000203be000002be004a
:108b6000443ade006033b8008002eb00e00f5200b0
:108b7000e08f5a00e00f5b00e08f5b00f1ff3200f6
:108b800090a79f00a1a79f00b2a79f00c3a79f0027
:108b90000c00e000110034006022b8000600200044
:108ba00007ff2f00040240008582480006034900a9
:108bb000878349006164b900614db900c445dd0097
:108bc0000005eb006044b800040074008580740068
:108bd00006017500878175000c00370061061600dc
:108be0001fa09700afa097003fa19700cfa19700cb
:108bf0000c06e900050033008301d1000281d30097
:108c00008180d3000080d300f9ff37001fac9700ac
:108c1000afac97003fad9700cfad97004f5cde0043
:108c2000cfc4de00614db900cf45dd000005eb008b
:108c30006044b80008047000898470000a0571005f
:108c40008b8571000800be000a01be004f07780046
:108c50004f06be004f05be004f04be002f03b100fb
:108c600000000600889fbe0002047800f90720007b
:108c7000890f54000d0034000200200003f027008b
:108c8000befa0700f807b100890f5400170034003e
:108c90000200200003f02700b8fa0700f807b1002f
:108ca000890f540010003c001000370029f82f00f5
:108cb000890f54000d003d000200200003c8200071
:108cc000aefa07006806b000890f540007003d00a7
:108cd0000200200003c82000a8fa07006806b000c0
:108ce000890f540001003d0009047800f2072000bc
:108cf00008014100cf91de00c711dd000200200015
:108d00009efa07004f04be0000000600889fbe00c8
:108d100004047800f93f2000890f54000f0034004c
:108d20006022b8000600200007fe270072f9070045
:108d3000f83fb100890f54001a0034006022b800d7
:108d40000600200007fe27006bf90700f83fb1007e
:108d5000890f540012003c001200370029c02f0078
:108d6000890f54000f003d006022b800060020006b
:108d70000736200060f90700983cb000890f5400c6
:108d800008003d006022b8000600200007362000e1
:108d900059f90700983cb000890f540001003d00cc
:108da00009047800f43f200008024200cfa2de0050
:108db000612bb900c423dd000003eb006022b80082
:0c8dc0004df907004f04be000000060043
:020000040000fa
:10c000000000000000000000000000000000000030
:10c010000000000000000000000000000000000020
:10c020000000000000000000000000000000000010
:10c030000000000000000000000000000000000000
:10c0400000000000000000000000000000000000f0
:10c0500000000000000000000000000000000000e0
:10c0600000000000000000000000000000000000d0
:10c0700000000000000000000000000000000000c0
:10c0800000000000000000000000000000000000b0
:10c0900000000000000000000000000000000000a0
:10c0a0000000000000000000000000000000000090
:10c0b0000000000000000000000000000000000080
:10c0c0000000000000000000000000000000000070
:10c0d0000000000000000000000000000000000060
:10c0e0000000000000000000000000000000000050
:10c0f0000000000000000000000000000000000040
:10c10000000000000000000000000000000000002f
:10c11000000000000000000000000000000000001f
:10c12000000000000000000000000000000000000f
:10c1300000000000000000000000000000000000ff
:10c1400000000000000000000000000000000000ef
:10c1500000000000000000000000000000000000df
:10c1600000000000000000000000000000000000cf
:10c1700000000000000000000000000000000000bf
:10c1800000000000000000000000000000000000af
:10c19000000000000000000000000000000000009f
:10c1a000000000000000000000000000000000008f
:10c1b000000000000000000000000000000000007f
:10c1c000000000000000000000000000000000006f
:10c1d000000000000000000000000000000000005f
:10c1e000000000000000000000000000000000004f
:10c1f000000000000000000000000000000000003f
:10c20000000000000000000000000000000000002e
:10c21000000000000000000000000000000000001e
:10c22000000000000000000000000000000000000e
:10c2300000000000000000000000000000000000fe
:10c2400000000000000000000000000000000000ee
:10c2500000000000000000000000000000000000de
:10c2600000000000000000000000000000000000ce
:10c2700000000000000000000000000000000000be
:10c2800000000000000000000000000000000000ae
:10c29000000000000000000000000000000000009e
:10c2a000000000000000000000000000000000008e
:10c2b000000000000000000000000000000000007e
:10c2c000000000000000000000000000000000006e
:10c2d000000000000000000000000000000000005e
:10c2e000000000000000000000000000000000004e
:10c2f000000000000000000000000000000000003e
:10c30000000000000000000000000000000000002d
:10c31000000000000000000000000000000000001d
:10c32000000000000000000000000000000000000d
:10c3300000000000000000000000000000000000fd
:10c3400000000000000000000000000000000000ed
:10c3500000000000000000000000000000000000dd
:10c3600000000000000000000000000000000000cd
:10c3700000000000000000000000000000000000bd
:10c3800000000000000000000000000000000000ad
:10c39000000000000000000000000000000000009d
:10c3a000000000000000000000000000000000008d
:10c3b000000000000000000000000000000000007d
:10c3c000000000000000000000000000000000006d
:10c3d000000000000000000000000000000000005d
:10c3e000000000000000000000000000000000004d
:10c3f000000000000000000000000000000000003d
:10c40000000000000000000000000000000000002c
:10c41000000000000000000000000000000000001c
:10c42000000000000000000000000000000000000c
:10c4300000000000000000000000000000000000fc
:10c4400000000000000000000000000000000000ec
:10c4500000000000000000000000000000000000dc
:10c4600000000000000000000000000000000000cc
:10c4700000000000000000000000000000000000bc
:10c4800000000000000000000000000000000000ac
:10c49000000000000000000000000000000000009c
:10c4a000000000000000000000000000000000008c
:10c4b000000000000000000000000000000000007c
:10c4c000000000000000000000000000000000006c
:10c4d000000000000000000000000000000000005c
:10c4e000000000000000000000000000000000004c
:10c4f000000000000000000000000000000000003c
:10c50000000000000000000000000000000000002b
:10c51000000000000000000000000000000000001b
:10c52000000000000000000000000000000000000b
:10c5300000000000000000000000000000000000fb
:10c5400000000000000000000000000000000000eb
:10c5500000000000000000000000000000000000db
:10c5600000000000000000000000000000000000cb
:10c5700000000000000000000000000000000000bb
:10c5800000000000000000000000000000000000ab
:10c59000000000000000000000000000000000009b
:10c5a000000000000000000000000000000000008b
:10c5b000000000000000000000000000000000007b
:10c5c000000000000000000000000000000000006b
:10c5d000000000000000000000000000000000005b
:10c5e000000000000000000000000000000000004b
:10c5f000000000000000000000000000000000003b
:10c60000000000000000000000000000000000002a
:10c61000000000000000000000000000000000001a
:10c62000000000000000000000000000000000000a
:10c6300000000000000000000000000000000000fa
:10c6400000000000000000000000000000000000ea
:10c6500000000000000000000000000000000000da
:10c6600000000000000000000000000000000000ca
:10c6700000000000000000000000000000000000ba
:10c6800000000000000000000000000000000000aa
:10c69000000000000000000000000000000000009a
:10c6a000000000000000000000000000000000008a
:10c6b000000000000000000000000000000000007a
:10c6c000000000000000000000000000000000006a
:10c6d000000000000000000000000000000000005a
:10c6e000000000000000000000000000000000004a
:10c6f000000000000000000000000000000000003a
:10c700000000000000000000000000000000000029
:10c710000000000000000000000000000000000019
:10c720000000000000000000000000000000000009
:10c7300000000000000000000000000000000000f9
:10c7400000000000000000000000000000000000e9
:10c7500000000000000000000000000000000000d9
:10c7600000000000000000000000000000000000c9
:10c7700000000000000000000000000000000000b9
:10c7800000000000000000000000000000000000a9
:10c790000000000000000000000000000000000099
:10c7a0000000000000000000000000000000000089
:10c7b0000000000000000000000000000000000079
:10c7c0000000000000000000000000000000000069
:10c7d0000000000000000000000000000000000059
:10c7e0000000000000000000000000000000000049
:10c7f0000000000000000000000000000000000039
:020000040000fa
:04009400dc0200008a
:020000040000fa
:04006800040300008d
:020000040000fa
:04006c002a03000063
:020000040000fa
:040050005003000059
:020000040000fa
:020000040001f9
:0457fc003f3f00002b
:020000040000fa
:020000040001f9
:0457f8009b79000099
:020000040000fa
:108dcc0031390000322e000031360000382e000000
:108ddc00302e000031330000350000003235000029
:108dec00352e000032350000352e000032350000e3
:108dfc00352e00003000000031390000322e00000a
:108e0c0031360000382e0000302e000031000000fa
:108e1c00310000004d6f0000746f0000722d0000d7
:108e2c00636f00006e740000726f00006c6c0000c9
:108e3c00657200002f000000646800005c68000090
:088e4c006c680000486800009a
:020000040000fa
:108e54000800fa0020079800310798000040eb0052
:108e640020479800490037000000eb00000f78000d
:108e74000040eb00304798000f0037001e007800d8
:108e84006a00b900800078002e009000104078003d
:108e94000000fb000080400001fd2f00010f400096
:108ea4002e0090000000e800200798003e4090004b
:108eb4000040e800304798002e0090009040780071
:108ec400f0c2b30080cf5000080034002e009000a0
:108ed4009040780090c3b30080cf500003003c0062
:108ee4003e409000e34f5000e4ff36003e409000c7
:108ef4000004e000070032003e409000e34f5000c1
:108f040004003e00f00f20009e007800808f500087
:108f1400020036000040eb00250037002e40900090
:108f24000080fb00be009000008040009e0078009e
:108f340081407800014878002e409000e24f5000b4
:108f44000f003e002e00900090407800e0c2b30075
:108f540000c068000080fb000000ea004f00de0053
:108f640000407800ae0090008100e80021079800de
:108f74000004e000020032000040eb000c00370067
:108f84002e4090000040e800204798002e409000ba
:108f9400e34f5000b4ff36002e00900010407800dc
:108fa4000080fb000000e9004f00de000040780074
:108fb4000080fa00000006000200fa00004f78006a
:108fc400f0c2b3009e40780080cf50000800340007
:108fd40090c3b3009e40780080cf500004003c0052
:108fe4009e40780000cdb30000c040001900370057
:108ff40000c4b3009e40780080cf500008003400c5
:1090040060c4b3009e40780080cf500004003c0050
:109014009e40780090ccb30000c040000d003700a3
:1090240000c6b3009e40780080cf50000800340092
:1090340060c6b3009e40780080cf500004003c001e
:109044009e40780090cab30000c040000100370081
:1090540000c0eb000080fa00000006000800fa00df
:1090640020079800310798000040eb00004f78007b
:10907400350037002e00900010407800ae009000bc
:109084008100e80021079800cbff070010479800f3
:109094001e4090000004e00002003d000040eb0090
:1090a400320037002e00900010407800ae0090008f
:1090b4008100e80021079800bfff070020479800bf
:1090c4002e4090000004e00002003d000040eb0050
:1090d400260037001e80fb00be0090000080400088
:1090e4009e4090008180fb00c408dd0001417800af
:1090f400ae40900081407100014878001e40780025
:10910400e44f50000f003e002e0090009040780085
:10911400a0c3b30080cf5000070032002e0090009f
:1091240090407800d0c2b30080cf500002003200db
:109134000040eb000d0037002e0090000000e80016
:10914400200798001e4fe8001e407800e54f5000ad
:10915400c8ff36002e009000104078000080fb000d
:109164000000e9004f00de00004078000080fa00b3
:10917400000006000800fa00000f780011079800ac
:109184002207980033079800130037001e00780068
:10919400104078000080fb00c800dd001e00e800dd
:1091a400104078000080fb00010070008000eb009c
:1091b4002e019000be019000020040008380480010
:1091c40020079800310798001e8fe8001e009000c9
:1091d4000080e900100798001e009000e10f500085
:1091e400eaff3e001e0090000000e0000b00320089
:1091f4001e007800104078000080fb004800dd006d
:109204008000eb002e019000be019000020040009f
:109214008380480020079800310798002e009000b2
:10922400be0090000080fa00000006000400fa006e
:10923400008fbe0011003700f0ff2f000100200056
:109244001e02be0004037800050278008002780044
:1092540081007800050063008100620081017800cc
:10926400000178000202be001e00be004008de00bd
:1092740001002000001f420001974a001e00be00aa
:109284004008de0001002000e00f5000e08f58008d
:10929400e9ff3a001e0078000080ea000080fa002e
:1092a400000006000400fa00000f7800110798007f
:1092b4009e00900090022000808f50001d00360018
:1092c4009e0078006c80400010407800e84f500009
:1092d40018003a009e0078006d804000104078002d
:1092e400e64f500013003a009e007800748040005e
:1092f400104078000004e0000e003a009e00780060
:109304007580400010407800e14f500009003a0099
:10931400610220001e80400042002000614d2100b7
:10932400fde007000000e00002003a001000200009
:10933400010037000000eb000080fa000000060086
:109344000200fa00000f78009e007800668040005a
:1093540062002000800078001e007800fce0070016
:109364001e0178006600410062002000014d2100ca
:10937400f7e007009e0078007580400021c0b3002c
:10938400014878001e017800f60041000202200026
:109394001e004100a2002000ede007009e007800be
:1093a4007680400062002000014d2100e8e00700c3
:1093b4001e0178007c00410042002000614d210024
:1093c400e3e00700a10220001e0078004a0e070017
:1093d4000080fa00000006000600fa00100798005a
:1093e40021079800ae00900090022000808f50006a
:1093f4002700360062002000014d21001e0090006d
:10940400c5e007000000e00021003a001e009000c3
:109414006c00400010407800e84f50001c003a00f7
:109424001e0090006d004000104078000004e00031
:1094340017003a001e0090006e0040009040780033
:1094440050c4b30080cf500011003a001e009000b9
:109454007700400010407800e14f50000c003a00c3
:109464001e0090007e00400042002000614d21005b
:10947400a9e007000000e00005003a001e0090008b
:109484002002b00010407800e84f50000200320083
:109494000000eb00150037001e0090007000400033
:1094a400104078000080fb00c800dd001e00900022
:1094b40071004000104078000080fb00008f7000b5
:1094c4001e007800fb0f5000070036001e017800d4
:1094d400ee0041002e009000808f500002003e00fc
:1094e40010002000010037000000eb000080fa00ab
:1094f400000006000600fa00200798002e009000e5
:1095040070004000104078000080fb00c800dd00bf
:109514002e00900071004000104078000080fb0095
:10952400008f70002e009000660040006200200052
:10953400800078002e00900085e007002e00900047
:109544006600400062002000014d210080e0070019
:109554002e009000fa0040002e0090007e00400093
:10956400420020007ae007002e0090007a004000bc
:1095740042002000614d210075e007002e0090009c
:109584007600400001c4b300014878002e0090002a
:10959400780040008040eb00014878002e009000e5
:1095a400790040008040eb00014878002e009000d4
:1095b4006e0040006011b80041012000edfe07007c
:1095c4001aff0700100798002e0090007800400052
:1095d4009e009000c808de008140780001487800b1
:1095e4002e009000790040009e0090008140780099
:1095f400014878002e0090002002b0008040eb006b
:10960400014878002e0090004002b0008040eb003a
:10961400014878002e0090005002b0008040eb001a
:10962400014878001e017800f40051002e009000db
:109634002002b0006011b800cefe0700fbfe070058
:10964400100798002e0090004002b0009e00900089
:10965400c808de0081407800014878002e009000a0
:109664005002b0009e0090008140780001487800cc
:109674009e0078006e804000800078002e009000ec
:109684009d0d07000080fa00000006000200fa00a9
:1096940020b52000000f780062002000f10f2000a8
:1096a4001e00780071e007009e007800668040008c
:1096b40062002000014d210025e007009e00780093
:1096c4006c80400081c0b300014878009e0078009f
:1096d4006d80400061c0b300014878009e007800ae
:1096e4006e8040008040eb00014878009e007800c6
:1096f4006f80400011c0b300014878009e007800dc
:109704007080400081c0b300014878009e0078005a
:10971400718040008040eb00014878009e00780092
:109724007280400061c0b300014878009e00780058
:109734007380400041c0b300014878009e00780067
:10974400748040008040eb00014878009e0078005f
:109754007580400011c0b300014878009e00780075
:109764007680400062002000014d2100f8df0700f0
:109774009e0078007c80400042002000614d210062
:10978400f3df0700010220001e8040006200200079
:109794008000eb0035e00700610220001e804000dd
:1097a40042002000018f2000e9df0700a102200011
:1097b4001e007800500d07000080fa00000006002b
:1097c4000400fa00000f7800110798009e00900032
:1097d40090022000808f50001d0036009e0078000b
:1097e4006c80400010407800e84f500018003a00a8
:1097f4009e0078006d80400010407800e64f5000d5
:1098040013003a009e0078007480400010407800f5
:109814000004e0000e003a009e00780075804000cd
:1098240010407800e24f500009003a009e00780092
:109834007c80400042002000018f2000b6df07003a
:109844000000e00002003a00100020000100370090
:109854000000eb000080fa00000006001800fa0087
:10986400404f980072079800030f9800110f98005a
:10987400240f98006557980020b52000000f780049
:109884006e5090000004e0000200320080012000cd
:109894000100370040012000100798009e0090004e
:1098a4002e089000008040007400400020079800bb
:1098b40062002000418f20001e007800a4df070012
:1098c4009e0078006680400062002000014d210067
:1098d4009fdf07001e0178006c00410081c0b300c7
:1098e400014878009e0178006d8041008040eb00c3
:1098f400014878009e0078006e80400051c4b30097
:10990400014878001e0178006f0041008040eb00a0
:10991400014878009e01780070804100ae009000fc
:10992400c808de0081407800014878009e00780075
:1099340071804000ae0090008140780001487800ba
:109944001e017800720041008040eb00014878005d
:109954009e017800738041008040eb00014878004c
:109964009e0078007480400001c4b3000148780070
:109974001e017800750041008040eb00014878002a
:109984009e0178007680410001c4b300014878004c
:109994009e0078007780400061c0b30001487800e1
:1099a4001e017800780041008040eb0001487800f7
:1099b4009e017800798041008040eb0001487800e6
:1099c4009e0078007a80400042002000614d210012
:1099d4005fdf07001e0178007e0041004200200086
:1099e400818e20005adf07009e0178006e804100be
:1099f4006011b80041012000defd07000bfe0700e6
:109a0400300798009e00780078804000be009000e7
:109a1400c808de0081407800014878001e01780003
:109a240079004100be009000814078000148780030
:109a3400230220001e80410091458000c808de00fa
:109a44008140780001487800310220001e804000e7
:109a5400914580008140780001487800420220004e
:109a64001e00410021478000c808de0081407800c4
:109a740001487800530220001e80410021478000e5
:109a84008140780001487800610220001e81400076
:109a94007e0090008e0890004808de0000407800a8
:109aa40000497800730220001e8141007e0090006e
:109ab4008e0890004008de000040780000497800dd
:109ac400810220001e8140007e0090008e089000dc
:109ad400c809dd004800de0000807100c808de000f
:109ae4000040780000497800910220001e80400068
:109af400fe0090008140780001487800a302200015
:109b04001e814100d0458000e14580004808de0008
:109b14000040780000497800b10220001e81400016
:109b2400d0458000e14580004008de000040780018
:109b340000497800c30220001e814100d045800006
:109b4400e1458000c809dd004800de0000807100a6
:109b5400c808de000040780000497800d1022000e7
:109b64001e814000d0458000e1458000004078001f
:109b740000497800e20220001e0041009e0090008f
:109b8400c208de0081407800c408dd000148780086
:109b9400f30220001e804100ce4890000148780066
:109ba400020320001e00410021c0b30001487800d8
:109bb400130320001e80410081c5b30001487800d2
:109bc400210320001e8040008040eb000148780003
:109bd400320320001e0041008040eb000148780061
:109be400430320001e8041008040eb0001487800c0
:109bf400510320001e8040008040eb0001487800a3
:109c04006e5090000004e000100032006203200057
:109c14001e00410021c0b3000148780073032000f6
:109c24001e80410041c0b300014878008103200038
:109c34001e80400021c0b300014878009203200038
:109c44001e00410081c1b300014878002e08900035
:109c54000000e000060032001e0090002002b00068
:109c64001e0040002e0990009e089000b8de0700f8
:109c74009e0178007a8041006011b80081002000c4
:109c84003cfd070040079800510798004e009000e3
:109c9400de00900066004000e08048004007980025
:109ca400510798009e0090002e089000008040000c
:109cb4008000eb004e019000de01900002004000a5
:109cc4008380480040079800510798009e00900048
:109cd4002e08900080804000220220001e004100d7
:109ce4004e019000de01900022fd0700400798001d
:109cf400510798004e009000de0090004bfd0700d5
:109d040030079800230320001e804100be0090000d
:109d1400c808de0081407800014878003103200043
:109d24001e804000be009000814078000148780009
:109d34009e0090002e089000008040002002b00099
:109d4400800078001e007800eb0b07000080fa000a
:109d5400000006000600fa0010079800210798008a
:109d64000040eb00004f7800120037001e80fb001b
:109d74009e00900000804000904078001e80fb0010
:109d84002e019000000041001040780080c068005f
:109d94001e80fb00c28e20006240780000c060007c
:109da4000004e000020032000040eb000500370030
:109db4001e4fe8001e407800e34f5000ebff3600d2
:109dc40010c0b3000080fa00000006000000fa0092
:109dd400b068ef0071080700f0458800014688006c
:109de400ac28ef00ae28ef000080fa000000060067
:109df4000400fa00000f7800110798006145800004
:109e04001e0090008080400000102000808f5000d1
:109e14000b003e0061458000a0da20000080400075
:109e24001e0190009e00780049de07006145800015
:109e34001e0090000080400060458800010037004b
:109e4400000000000080fa00000006000600fa008e
:109e5400000f780021479800220798001e00780020
:109e6400ae40900001487800ae009000f00720005a
:109e7400808f500006003e001e00e800ae009000f7
:109e8400814078000148780020c0b3000b003700ff
:109e94001e00e800ae009000814078000174a0002c
:109ea400014878001e80e800ae009000c708de007c
:109eb400814078000148780030c0b3000080fa0087
:109ec400000006001c00fa0040852000d1de0700d7
:109ed40020079800c0862000cede070030079800d7
:109ee400c0882000cbde0700400798002e009000b9
:109ef4006c0f400020c0b300204798003e00900043
:109f04000000e0000f0032002e4090000074a0001a
:109f1400204798003e0090001e004000008fe8009b
:109f24004e0090000000e000060032002e40900039
:109f34000064a000204798004e0090001e004000de
:109f4400008fe8006b0047001e01780001c1b300d8
:109f5400beff0700204f98002e4890000080fb00b1
:109f6400000047008040eb00314898002e489000e4
:109f74000040e800204f98002e4890000080fb002d
:109f84000000470041c0b300314898002e489000bb
:109f94000040e800204f98002e4890000080fb000d
:109fa40000004700d1c4b300314898002e48900007
:109fb4000040e800204f98002e4890000080fb00ed
:109fc4000000470011c5b300314898002e489000a6
:109fd4000040e800204f98002e4890000080fb00cd
:109fe4000000470041c5b300314898002e48900056
:109ff4000040e800204f98002e4890000080fb00ad
:10a004000000470041c5b300314898002e48900035
:10a014000040e800204f98002e4890000080fb008c
:10a024000000470041c0b300314898002e4890001a
:10a034000040e800204f98002e4890000080fb006c
:10a0440000004700ae409000314898002e48900030
:10a054000040e800204f98002e4890000080fb004c
:10a06400000047008040eb00314898002e489000e3
:10a074000040e800204f98002e4890000080fb002c
:10a0840000004700c1c3b300314898002e48900037
:10a094000040e800204f98002e4890000080fb000c
:10a0a400ae009000c808de00814078000000470040
:10a0b400314898002e4890000040e800204f980056
:10a0c4002e4890000080fb00ae0090008140780094
:10a0d40000004700314898002e4890000040e800f6
:10a0e400204f98002e4890008080fb006b004700b2
:10a0f4003fff070040852000ae0090003cff0700b2
:10a104003e0090000000e0001d0032003e00900080
:10a114004800de0000407800304f98003e00900078
:10a1240000407800404f98006b0047002100200059
:10a134002fff0700c0862000be0090002cff070000
:10a144004e0090000000e0000d0032004e00900030
:10a154004800de0000407800304f98004e00900028
:10a1640000407800404f98006b0047002100200019
:10a174001fff0700c0882000ce0090001cff0700ce
:10a184000080fa00000006000e00fa004007980064
:10a19400214f9800620798004e009000104078000c
:10a1a4000080fb004400de00404798002e489000e9
:10a1b4000080fb00ce009000008040003007980033
:10a1c4004e409000e24f500011003a006e009000a3
:10a1d400e10f50000c0036003e0090000000e80043
:10a1e400104078000004e00007003a0040c0b300cb
:10a1f400b0e8b700690707001046880021468800c8
:10a20400ee10070050003700f0fe07004e00370044
:10a214004e409000e34f50004b003a004e00900037
:10a22400104078000080fb00660060000000e00041
:10a2340040003a006e009000e10f50003f003600ed
:10a244003e009000104078000080fb00c800dd0054
:10a254003e0090000000e800104078000080fb0001
:10a26400008f70009e80e8006e009000808f500088
:10a2740034003e006e0090001e0050000080e90093
:10a2840010079800000520009e007800808f500081
:10a294000200360000052000000f78009e009000a8
:10a2a400800c2000808f500002003600800c2000bb
:10a2b400100798003e0090000080e8001e0178001e
:10a2c40080007800a0ea200021dd0700a0ea200039
:10a2d4001e0040008040eb00014878003e009000e2
:10a2e400104078000080fb00c800dd003e009000b4
:10a2f4000000e800104078000080fb0001007000be
:10a304000080e800be009000008040001e01900024
:10a3140080007800b0ef20000ddd0700b1ef2000d1
:10a324001e009000008040008040eb00014878004f
:10a3340005003700000000000300370000000000a3
:10a3440001003700000000000080fa000000060051
:10a354000800fa00200798003107980039003700f8
:10a364002e0090000000e800104078000004e00097
:10a3740017003d003e009000e20f5000350036000b
:10a384002e0090000080e800104078000004e000f7
:10a39400320035002e0090000000e80010407800e4
:10a3a4008080fb00f0072000808060002e00900079
:10a3b4000080e800104078000080fb004700dd00ca
:10a3c400008f700030c0b3002047980007003700aa
:10a3d4002e0090000000e800104078000080fb0090
:10a3e400000f780020c0b300204798002e40900052
:10a3f4000080fb009e0040003e009000808f5000d3
:10a4040018003e001e017800ae4090002e0090001f
:10a414005dff07002e4090000080fb001e004000fe
:10a42400ae00900000804000200798002e4090006d
:10a434000080fb001e004000be0090000080500021
:10a44400300798003e009000e10f5000c4ff3e002a
:10a454000500370000000000030037000000000082
:10a4640001003700000000000080fa000000060030
:10a474001400fa00000f9800110f98000e089000c5
:10a4840070004000104078000080fb00c800dd0030
:10a494000e08900071004000104078000080fb001e
:10a4a400008f7000700220009e007800808f5000a2
:10a4b400f90036001e017800ee0041001e089000ed
:10a4c400808f5000f6003e000e089000e002b000bd
:10a4d400104078000080fb004400de00004078005b
:10a4e4000080fb004200dd00100798001e00900071
:10a4f4001e00100074005000200798000e08900001
:10a50400f002b00090407800614798000e08900077
:10a514006002b000104078000080fb008000eb0077
:10a52400c801dd00020020000e0890007002b00097
:10a53400104078000080fb008000eb00c000dd00cc
:10a544000000200000017100818171000e0890005c
:10a554008002b000104078000082fb008002eb0013
:10a564004828dd00c820de00810070004820dd009e
:10a5740000017100818171000e0890009002b0000a
:10a58400104078000080fb008000eb0000007100a8
:10a594008180710040079800510798000e089000d0
:10a5a400a002b000104078000080fb008000eb00a7
:10a5b400c801dd00020020000e089000b002b000c7
:10a5c400104078000080fb008000eb00c000dd003c
:10a5d4000000200000017100818171000e089000cc
:10a5e400c002b000104078000082fb008002eb0043
:10a5f4004828dd00c820de00810070004820dd000e
:10a6040000017100818171000e089000d002b00039
:10a61400104078000080fb008000eb000000710017
:10a624008180710060079800710798006e40900067
:10a634000080fb00640060000000e00002003200c3
:10a64400e2fd07009b003700b0c8bf00e24f500096
:10a6540029003a006e4090000080fb007200600008
:10a66400f20f500090003a00b0458000c1458000d0
:10a6740061014000e08148006e009000fe009000ff
:10a68400800f5100818f590089003a00b045800045
:10a69400c145800061004000e0804800b04588006a
:10a6a400c14588004e009000de009000610040002b
:10a6b400e0804800d0458800e1458800b24580002c
:10a6c400c34580008042eb000002eb008000eb00f9
:10a6d40000c1b30061fc0700fafd070030c0b300fd
:10a6e400b0e8b7002d060700f04588000146880051
:10a6f400c668ef006f0037006e4090000080fb00da
:10a70400700060000000e000270032007045800007
:10a714000000e00024003200704580006101b800b0
:10a72400b0458000c145800002004000838048009d
:10a734006e019000fe0190000000510081805900dc
:10a74400e00f5000e08f580017003500704580007e
:10a754006101b800b0458000c1458000020040009e
:10a7640083804800b0458800c14588006145800069
:10a77400704580008080500072458000a0da20007f
:10a78400000041000101780080007800a0da200078
:10a79400f6db0700614580007045800000805000b2
:10a7a40060458800ae28ef002e0090000000e00015
:10a7b40024003200d0458000e14580004e01900025
:10a7c400de019000800f5100818f590016003a007d
:10a7d4002e0090006101b800d0458000e145800062
:10a7e4000200400083804800d0458800e14588008d
:10a7f400b2458000c34580008042eb000002eb00bc
:10a804008000eb0000c1b30014fc07001e009000a0
:10a814002002b0008e08900000804000ae0090003e
:10a82400cbfe070007003700b2458000c345800017
:10a834008042eb000002eb008000eb0000c1b3009b
:10a8440006fc07006e4090000080fb006100600081
:10a85400004078000004e00016003200d04580007b
:10a86400e145800061004000e0804800d045880058
:10a87400e1458800b2458000c34580008042eb007a
:10a884000002eb008000eb0010c1b300f3fb0700f3
:10a894004efd0700070037000000000005003700e8
:10a8a4000000000003003700000000000100370032
:10a8b400000000000080fa00000006000a00fa0010
:10a8c4008e0078000080200061f907000004e00099
:10a8d40004003200420020008e007800604d210008
:10a8e4009bdb07008e00780000812000dbf9070065
:10a8f4000004e00004003200620020008e007800b2
:10a90400004d210092db0700818e20002082200070
:10a914004ff907000004e00003003a00818e200094
:10a92400606e2c004af90700c18e200020832000ad
:10a9340047f907000004e00003003a00c18e20003c
:10a94400406f2c0042f90700660047008000780041
:10a95400208420003ef907000004e00004003a00cf
:10a96400660047008000780020702c0038f907004a
:10a97400904280000000e00002003200904280001b
:10a9840020478800818e2000604d2100f1fc0700e3
:10a994000004e00009003a00ee4090007e40900080
:10a9a40080c070000e48900080c070001e48900067
:10a9b40000c070000004e00005003a0042002000de
:10a9c400818e2000008f200061db07000500370026
:10a9d400660047004200200080007800008f2000bd
:10a9e4005bdb0700004d210030080700b068ef0072
:10a9f4006a0507000001be0080442f00f1ff2f000c
:10aa04000200400083804800f04588000146880029
:10aa14000080fa00000006000800fa005f05070045
:10aa2400008fbe0081252000a08f20001d09070093
:10aa3400200798002e0090000000e0007000320013
:10aa4400ae009000a08f200016fa07000000e0007e
:10aa540003003200a08f200039fa07006800370095
:10aa6400b0c8bf00e14f50001a003a00ae00900099
:10aa7400a08f200052fb07000000e0001500320008
:10aa8400009120006200200080007800408f2000a8
:10aa94002fdb07001e01be00b2458800c3458800b5
:10aaa400b2458000c345800015c0b3000002eb002e
:10aab4008000eb0020c0b30068fb070020c0b30097
:10aac400b0e8b7001e01be00f245880003468800c6
:10aad4004b003700ae009000a08f20003efa070024
:10aae4000000e00003003200a08f200081fa07007c
:10aaf40043003700ae00900050032000808f5000c8
:10ab04003f00360062002000014d2100a08f20008c
:10ab140001db07000000e00039003a0060902000eb
:10ab240010407800e84f500035003a007090200043
:10ab3400104078000004e00031003a0080902000ca
:10ab44009040780050c4b30080cf50002c003a00ed
:10ab54001091200010407800e64f500028003a0081
:10ab64008091200042002000614d2100eada0700b4
:10ab74000000e00022003a00409120004200200042
:10ab8400818e2000e4da07000000e0001c003a0097
:10ab9400c0912000104078000080fb00c800dd0058
:10aba400d0912000104078000080fb0081007000ec
:10abb40020478000808f500011003a00e09120006f
:10abc400104078000080fb00c800dd00f0912000f8
:10abd400104078000080fb008100700090458000e8
:10abe400808f500006003a00b0c8bf00e14f50000b
:10abf40003003600ae009000a08f20001cfe07006a
:10ac0400b0c8bf000080fb00e20f50003a003200e1
:10ac1400e20f500005003c000000e0000600320096
:10ac2400e10f50001e003200aa003700e40f50006c
:10ac3400a8003c004c003700f0458000014680002d
:10ac44003e011000ae81180070bb200001002000fe
:10ac5400800f5100818f590093003600a045800079
:10ac64000000e800a0458800a1458000f0ff200016
:10ac74008080600000002c00010070009045880076
:10ac840082fa070010c0b300b0e8b7001e01be008e
:10ac9400f245880003468800c668ef008d0037003f
:10aca400f0458000014680003e011000ae8118008e
:10acb400703e200001002000800f5100818f590058
:10acc4007b003600c6c8bf000040e800c6e8b700f5
:10acd400c6c8bf00e34f5000020036003bfc07002b
:10ace4007c00370069fa07001e01be00f2458800a7
:10acf4000346880077003700f04580000146800055
:10ad04003e011000ae811800703e200001002000ba
:10ad1400800f5100818f590067003600c6c8bf00fc
:10ad24000040e800c6e8b700c6c8bf00e34f5000c3
:10ad34000200360025fc070066003700b24580009b
:10ad4400c345800015c0b3000002eb008000eb0097
:10ad540020c0b300c1fa07001e01be00f2458800fe
:10ad6400034688005b003700704580000000e00067
:10ad74001d003200f0458000014680003e011000b5
:10ad8400ae811800301f200001002000800f510008
:10ad9400818f59004a003600c6c8bf000040e80051
:10ada400c6e8b700c6c8bf00e44f50000200360032
:10adb40006fc07004700370070458000b24580005c
:10adc400c34580008042eb0000027800a1da200035
:10add40080c1b300a1fa07001e01be00f24588003d
:10ade400034688003b003700604580000000e00017
:10adf4001600320060458000810c2000810f500055
:10ae040001003600800c20007045880070458000e9
:10ae1400b2458000c34580008042eb000002780008
:10ae2400a1da200080c1b3008cfa07001e01be0025
:10ae3400f2458800034688001e01be0012468800c1
:10ae440023468800c668ef0022003700b0c8bf0060
:10ae5400e44f50001c003a00104680002146800058
:10ae64003e011000ae811800f052270001002000be
:10ae7400800f5100818f59001500360000ccb300bb
:10ae8400604798000040eb00704798006600470058
:10ae940021002000d6fb07001e01be0012468800d8
:10aea400234688000b00370000000000090037002b
:10aeb4000000000007003700000000000500370014
:10aec400000000000300370000000000010037000c
:10aed400000000000080fa00000006001000fa00e4
:10aee40060079800710798006e009000c9da0700a7
:10aef400000f78007e009000c6da07001007980063
:10af04001e0090001e0040000080e800200798000a
:10af1400b0c8bf00e44f50002e003a00ae009000cd
:10af240000e82300808f50002c003e006145800023
:10af34002e00900000804000e3004000001020003c
:10af4400808f500027003e00670047002e019000cc
:10af540001c3b300bdfb0700604798006e4090003a
:10af64000080fb009e007800c808de008140780065
:10af740000004700714098006e4090000040e800d7
:10af8400604798006e4090000080fb009e007800af
:10af94008140780000004700714098006e409000a6
:10afa4000040e800604798006e4090008080fb00fd
:10afb400670047008efb07006e0090009e0078003b
:10afc4008bfb07007e0090009e00900088fb07002a
:10afd40005003700000000000300370000000000f7
:10afe40001003700000000000080fa0000000600a5
:10aff4001600fa00200f9800640f47000000eb00d1
:10b0040010079800090037002e08900010007800ff
:10b01400000001009e007800804878001e0fe800c0
:10b024001e0090000000e800100798001e00900029
:10b03400ef0f500005003c002e0890001000900017
:10b04400000001000000e000efff3a001e0078005d
:10b054008040eb0001487800640047000cd90700e9
:10b064000080fa00000006001600fa00200f980085
:10b07400640f47000000eb00100798000900370038
:10b084002e08900010007800000001009e00780057
:10b09400804878001e0fe8001e0090000000e800c1
:10b0a400100798001e009000ef0f500005003c00b0
:10b0b4002e08900010009000000001000000e00045
:10b0c400efff3a001e0078008040eb000148780052
:10b0d4004e4090000080fa00000006001600fa00be
:10b0e400200f9800640f47000000eb001007980041
:10b0f400090037002e0890001000780000000100bd
:10b104009e007800804878001e0fe8001e00900022
:10b114000000e800100798001e009000ef0f500098
:10b1240005003c002e089000100090000000010073
:10b134000000e000efff3a001e0078008040eb00c2
:10b144000148780064004700ddd80700004078001b
:10b154000080fa00000006001600fa00200f980094
:10b16400640f47000000eb00100798000900370047
:10b174002e08900010007800000001009e00780066
:10b18400804878001e0fe8001e0090000000e800d0
:10b19400100798001e009000ef0f500005003c00bf
:10b1a4002e08900010009000000001000000e00054
:10b1b400efff3a001e0078008040eb000148780061
:10b1c40064004700bed807000080fa0000000600b3
:10b1d4001600fa00200f9800640f47000000eb00ef
:10b1e40010079800090037002e089000100078001e
:10b1f400000001009e007800804878001e0fe800df
:10b204001e0090000000e800100798001e00900047
:10b21400ef0f500005003c002e0890001000900035
:10b22400000001000000e000efff3a001e0078007b
:10b234008040eb000148780064004700d0d8070044
:10b244000080fa00000006001600fa00200f9800a3
:10b25400640f47000000eb00100798000900370056
:10b264002e08900010007800000001009e00780075
:10b27400804878001e0fe8001e0090000000e800df
:10b28400100798001e009000ef0f500005003c00ce
:10b294002e08900010009000000001000000e00063
:10b2a400efff3a001e0078008040eb000148780070
:10b2b40064004700e6d807000080fa00000006009a
:10b2c4001600fa00200f9800640f47000000eb00fe
:10b2d40010079800090037002e089000100078002d
:10b2e400000001009e007800804878001e0fe800ee
:10b2f4001e0090000000e800100798001e00900057
:10b30400ef0f500005003c002e0890001000900044
:10b31400000001000000e000efff3a001e0078008a
:10b324008040eb00014878006400470064d80700bf
:10b33400004078000080fa00000006001600fa00c1
:10b34400200f9800640f47000000eb0010079800de
:10b35400090037002e08900010007800000001005a
:10b364009e007800804878001e0fe8001e009000c0
:10b374000000e800100798001e009000ef0f500036
:10b3840005003c002e089000100090000000010011
:10b394000000e000efff3a001e0078008040eb0060
:10b3a400014878006400470045d807000080fa008f
:10b3b400000006001600fa00200f9800640f4700f2
:10b3c4000000eb0010079800090037002e089000d9
:10b3d40010007800000001009e007800804878008a
:10b3e4001e0fe8001e0090000000e80010079800ff
:10b3f4001e009000ef0f500005003c002e08900046
:10b4040010009000000001000000e000efff3a008f
:10b414001e0078008040eb0001487800640047007b
:10b4240057d807000080fa00000006001600fa0052
:10b43400200f9800640f47000000eb0010079800ed
:10b44400090037002e089000100078000000010069
:10b454009e007800804878001e0fe8001e009000cf
:10b464000000e800100798001e009000ef0f500045
:10b4740005003c002e089000100090000000010020
:10b484000000e000efff3a001e0078008040eb006f
:10b4940001487800640047006dd807000080fa0076
:10b4a400000006000a00fa002007980031079800ff
:10b4b40042079800be009000010f78000000eb00e6
:10b4c40010079800090037002e0090001000780043
:10b4d400000001009e007800804878001e0fe800fc
:10b4e4001e0090000000e800100798009e009000e5
:10b4f4004e009000808f500005003d002e0090000b
:10b5040010009000000001000000e000eeff3a008f
:10b514001e0078008040eb00014878000080fa00ab
:10b52400000006005e00fa00881f7800402f980093
:10b53400512f9800622f9800de289000010f7800a8
:10b544000e017800e202b000040009000019eb00cb
:10b554000000eb0020079800770137001e007800f8
:10b564009040780050c2b30080cf50002c013a00c4
:10b574000000eb002007980000012000300798002d
:10b58400e00220000e004000a20020008000eb003a
:10b59400b6d807000000eb00100798000801370038
:10b5a4001e00780090407800e20220000e01410065
:10b5b4001e00900000004100014878001e00780041
:10b5c400104078000000fb0061062000810f50004d
:10b5d400d400320061062000810f500007003c00b7
:10b5e40031062000810f50000e0032004106200079
:10b5f400810f500075003200ed003700c1062000b5
:10b60400810f50001300320051072000810f5000b9
:10b614001800320081062000810f50001100320012
:10b62400e300370010002000200798006e289000e7
:10b634000080e900602f98006e28900010007800c8
:10b6440000407800007f98000040eb00107f9800d5
:10b65400d70037003e0090000000400030079800fb
:10b66400d30037003e0090000000d100300798005e
:10b67400cf00370010002000200798001e00900023
:10b684000000e800000047008040eb00616898007b
:10b694003e009000f00f50000c003200f00f5000fc
:10b6a40003003e00e80f500008003200c0003700dd
:10b6b40001022000810f5000150032000104200017
:10b6c400810f500026003200b90037006e28900028
:10b6d4000080e900602f98006e28900090017800a7
:10b6e40063079800800320000e0040006e02900063
:10b6f400841f7800e10220008e804000811f7800c2
:10b7040001022000bdd80700e48757002e0037004f
:10b714006e28900064005000602f98006e289000fe
:10b724001003be0076079800070f980082032000dc
:10b734000e0141007e0090008e089000809fbe00a4
:10b74400e00220000e004000801f7800010220006b
:10b7540002007800a9d80700e68757001a003700ce
:10b764006e28900068005000602f98006e289000aa
:10b774003002be002003be00140f9800250f98006d
:10b78400360f9800470f9800840320000e024200f1
:10b794001e089000ae0890003e099000ce0990006b
:10b7a400809fbe00829fbe00e00220000e00400089
:10b7b400801f780001022000040078008fd8070061
:10b7c400ea875700000000007900370010002000cd
:10b7d400200798001e0090000000e80000004700c9
:10b7e4008040eb00616898003e009000f00f50002c
:10b7f4000c003200f00f500003003e00e80f500030
:10b80400080032006a00370001022000810f500056
:10b814001500320001042000810f50002600320080
:10b82400630037006e2890000080e900602f9800c4
:10b834006e28900090027800550f98008003200035
:10b844000e0040005e0b9000861f7800e10220008d
:10b854008e804000811f78000102200067d8070015
:10b86400e48757002e0037006e28900064005000d3
:10b87400602f98006e2890001001be00620f98009f
:10b88400730f9800820320000e0141006e0890009f
:10b89400fe089000809fbe00e00220000e004000e1
:10b8a400801f7800010220000200780053d80700ae
:10b8b400e68757001a0037006e2890006800500091
:10b8c400602f98006e2890003002be002003be0056
:10b8d4000417980015179800261798003717980032
:10b8e400840320000e0242000e1090009e1090006f
:10b8f4002e119000be119000809fbe00829fbe005a
:10b90400e00220000e004000801f780001022000a9
:10b914000400780039d80700ea87570000000000c7
:10b924002300370010002000200798001e0090001c
:10b934000000e800000047008040eb0061689800c8
:10b944003e009000f00f500003003200010220007e
:10b95400810f500015003a006e28900064005000da
:10b96400602f98006e2890001003be0046179800c0
:10b9740057179800820320000e0141004e109000da
:10b98400de109000809fbe00e00220000e00400008
:10b99400801f7800010220000200780017d80700f9
:10b9a400e687570000000000010037000000000097
:10b9b4001e0fe8001e0090000000e8001007980029
:10b9c4001e009000e80f500003003e002e0090007f
:10b9d4000000e000f2fe3200800320000e00400070
:10b9e40040079800080037004e2890009000780027
:10b9f4004e00900010407800010001004e009000bd
:10ba04000000e800400798004e00900010407800c5
:10ba14000004e000f4ff3a001e0fe900450037007f
:10ba24001e0078009040780040c2b30080cf5000e0
:10ba34003b003a001e0fe8001e007800104078001a
:10ba44000004e000410032001e007800104078003d
:10ba54000000fb0021072000810f50001700320076
:10ba640031072000810f500027003a006e28900013
:10ba74000080e900602f98006e2890009003780001
:10ba840057079800080037004e289000900078006f
:10ba94005e009000104078005e0190000201e80012
:10baa40052079800010001005e00900010407800e9
:10bab4000004e000f4ff3a001e0037006e289000f6
:10bac4000080e900602f98006e28900090007800b4
:10bad40061179800060037004e2890001004780083
:10bae4006e109000100078000000010008000100b2
:10baf4006e10900010009000000001000000e000b3
:10bb0400f5ff3a000b0037004e28900090007800b3
:10bb14001e00780010407800010001000500370085
:10bb24004e289000900078001e00780010407800a5
:10bb3400010001001e0fe8001e007800104078008c
:10bb44000004e00085fe3a00010037000000000018
:0cbb54004f0478000080fa00000006009a
:020000040000fa
:10c800000400fa0020479800cb62a9002e40900057
:10c810007f406000010407000040eb00ff030700b9
:10c82000004f7800cb62a8001e4078000080fa001c
:10c83000000006000400fa0020479800cb62a9001f
:10c840002e4090007f406000f40307000040eb00a2
:10c85000f20307000040eb00f0030700004f7800f0
:10c86000cb62a8001e4078000080fa00000006009d
:10c870000200fa00004f780011479800cb62a9002f
:10c880001e4078007f4060000064a000e3030700c2
:10c890001e409000e1030700cb62a8000080fa0070
:10c8a000000006000400fa00004f780011479800cd
:10c8b00022479800cb62a9001e409000ff40600014
:10c8c0001e40780000c07000d40307002e40900086
:10c8d000d2030700cb62a8000080fa000000060027
:10c8e0000200fa00004f780032c0b300f1c1b3007b
:10c8f00000cab300ebff07001e80fb00630060006e
:10c900000000e000060032009e40780063c0600036
:10c9100000417800f1c1b30000c8b300e1ff070097
:10c920000080fa00000006000600fa004047980068
:10c9300020c0b300eaff0700ce40900040c1b30022
:10c94000cbff070011c0b30020c1b300c8ff070030
:10c95000000b2000010020000007070030c0b300da
:10c96000dfff07000000eb00000f78000a0037002f
:10c97000a0c0b300afff07000080fb0061006000b3
:10c980000000e00009003200000a20000100200041
:10c99000f20607001e0fe800703e20009e0078009f
:10c9a000808f5000f2ff36000100370000000000c9
:10c9b00020c0b300caff07008040eb0020c1b300d5
:10c9c000abff070080c1b3009aff07000080fb00a7
:10c9d0001007980090c1b30096ff07000080fb008d
:10c9e0004800dd009e0090000100700010079800d4
:10c9f0001e0090000080fa00000006000600fa0009
:10ca0000204798002107980020c0b300b4ff07001a
:10ca1000ae40900040c1b30095ff07002e0090008b
:10ca2000004078008040780060c1b30090ff0700ac
:10ca30002e0090004800de00004078008040780022
:10ca400070c1b3008aff0700000b20000100200026
:10ca5000c206070030c0b300a1ff07000000eb00d2
:10ca6000000f78000a003700a0c0b30071ff070074
:10ca70000080fb00610060000000e000090032005f
:10ca8000000a200001002000b40607001e0fe80085
:10ca9000703e20009e007800808f5000f2ff36002c
:10caa00001003700000000000080fa0000000600ce
:10cab0000400fa0010079800c962a900cb62a80020
:10cac000c942a900cb42a8008040eb000040eb0027
:10cad000c9020700cb42a90000d0270001002000b6
:10cae0009e060700cb42a80000d0270001002000ce
:10caf0009a0607000000eb00000f78000b003700db
:10cb0000d0c1b3003eff07000080fb006100600061
:10cb1000004078000004e00009003a0000642000b2
:10cb2000010020008d0607001e0fe800703e200067
:10cb30009e007800808f5000f1ff36000100370022
:10cb4000000000000040eb0065ff07008040eb00a4
:10cb500080c0b30046ff07008040eb0090c0b300e8
:10cb600043ff070080c0eb00a0c0b30040ff0700f8
:10cb700091c1b300b0c0b3003dff07008040eb009f
:10cb8000c0c0b3003aff07008040eb00d0c0b30044
:10cb900037ff070020c0b30051ff0700d1c0b3002a
:10cba0000040eb0032ff070021c3b30020c0b300f8
:10cbb0002fff070001c4b30030c0b3002cff0700f3
:10cbc000e1ceb300a0c0b30029ff070051c0b300fd
:10cbd000b0c0b30026ff070021c1b30040c0b300be
:10cbe00023ff070021c1b30060c0b30020ff07008e
:10cbf000c1c0b30070c0b3001dff070030c0b30058
:10cc000037ff07001e009000104078008040780039
:10cc100040c0b30016ff07001e0090000000e800af
:10cc2000104078008040780050c0b30010ff07002b
:10cc30001e0090000080e8001040780080407800de
:10cc400020c0b3000aff07001e00900063004000f0
:10cc5000104078008040780030c0b30004ff070027
:10cc60001e00900064004000104078008040780072
:10cc70000040eb00fefe07001e0090006500400033
:10cc8000104078008040780010c0b300f8fe070024
:10cc90008000eb000040eb0058ff0700011020006f
:10cca00000c1b30055ff0700e228ef0042c0b30007
:10ccb000f1c1b30000c8b300fafe07000080fa001b
:10ccc000000006000000fa0030c0b30004ff0700b7
:10ccd00020c1b300cafe07000080fa000000060071
:10cce0000000fa0010c1b3000fff07004a00de0089
:10ccf000610060000080fa00000006000800fa00f1
:10cd00002007980031079800be00900000a0210085
:10cd1000008040001007980002c8b300f1c1b300c2
:10cd200000c8b300dffe070002c8b300f1c1b300c2
:10cd300000cab300dbfe0700a2c0b300c1c1b3004c
:10cd400000cab300d7fe07000040eb00e4fe070076
:10cd50008040eb0040c0b300c5fe0700a1c1b30096
:10cd600050c0b300c2fe07008040eb0020c0b300fb
:10cd7000bffe0700a1c1b30030c0b300bcfe070076
:10cd8000cb62a900a0c7b300a40207000040eb00db
:10cd9000a20207000000eb00000f7800050037003a
:10cda0002e0090001e004000104078009b020700fb
:10cdb0001e0fe8003e0090009e007800808f50001b
:10cdc000f7ff3900cb62a8001e00900000407800f9
:10cdd0008040780060c0b300a5fe07001e009000f0
:10cde0004800de00004078008040780070c0b3004a
:10cdf0009ffe070082c0b300f1c1b30000c8b300ba
:10ce0000a8fe07000000eb00000f78000a003700c2
:10ce1000f0c1b3007afe07000080fb0068006000ec
:10ce20000000e00009003200000a2000010020009c
:10ce3000ca0507001e0fe800f07022009e0078006f
:10ce4000808f5000f2ff3600010037000000000024
:10ce5000f0c1b3006afe07000080fb0068006000bc
:10ce60000000e0000600320082c0b300f1c1b30050
:10ce700000cab3008bfe07000000eb00080037007b
:10ce8000d0c1b3005efe07000080fb0062006000be
:10ce900000f0a7000000ea000000e9004f00de00fb
:10cea0000080fa00000006001000fa00881f7800d9
:10ceb000600798007107980010c0b30088fe070053
:10cec00090c1b3004efe07000004e00002003a00eb
:10ced0000000eb00650037000040eb0080fe07001b
:10cee0001047800000407800804078000040eb0050
:10cef0005ffe0700104780004800de000040780019
:10cf00008040780010c0b30059fe0700cb62a90032
:10cf1000a0c3b300410207000000eb001007980017
:10cf2000090037000040eb003c02070066014700a3
:10cf30009e00900081004100804878001e00900013
:10cf40000000e800100798001e009000e50f500058
:10cf5000f4ff36006e4090008080fb007e40900021
:10cf60000080fb004800dd000100700010478800d1
:10cf70000e4890008080fb001e4890000080fb005f
:10cf80004800dd00008f70002e4890000004e00093
:10cf9000030035000000eb00000f780005003700ab
:10cfa0001e007800e30f5000020036009e0078005b
:10cfb000648f50007e0090009e007800808f5000ab
:10cfc00002003600fe009000010f78000000eb0028
:10cfd0001007980009003700ee0090001e00900036
:10cfe000008440000040eb000c020700004c780079
:10cff0001e0090000000e800100798001e0090003e
:10d000009e0f5000f4ff3900cb62a800104780004b
:10d010000000e00003003200104780000000e9003b
:10d0200001003700f09f2100200798002e0090009b
:10d030000040780080407800c0c0b3000cfe0700bc
:10d040002e0090004800de0000407800804078000c
:10d05000d0c0b30006fe070002c4b300e1c1b300b4
:10d0600000c8b3000ffe07001e0078004f047800d0
:10d070000080fa00000006000000fa00d1c4b300ee
:10d0800000192000220407000080fa0000000600ba
:10d090000000fa0011a1800000a1800080805000f3
:10d0a000f01f200000806000012020000080500060
:10d0b0000080fa00000006000000fa0060a0800076
:10d0c0000080fa00000006000000fa007f00070060
:10d0d0000080fa00000006000200fa00004f78000d
:10d0e0001e407800610007000080fa000000060082
:10d0f0000000fa00420407000004e00007003a00c4
:10d10000004221000a030700e0cfb300d6e8b700d1
:10d1100010c0b300d4e8b7005d0407000080fa0037
:10d12000000006000000fa000000eb0020a08800cc
:10d130000000eb0030a088000000eb0040a0880059
:10d140000000eb0050a088000000eb0060a0880009
:10d150000000eb0070a088000000eb0080a08800b9
:10d160000000eb0090a088000000eb00a0a0880069
:10d170000080fa00000006000000fa000000eb004a
:10d1800000a188000000eb0010a188000000eb0067
:10d1900020a188000000eb0030a188000000eb0017
:10d1a00040a188000000eb0050a188000000eb00c7
:10d1b00060a188000000eb0070a188000000eb0077
:10d1c00080a188000080fa00000006000000fa003c
:10d1d0000000eb0080a188000080fa00000006003b
:10d1e0000000fa0020a1800010a1880050a180005a
:10d1f00040a188000080fa00000006000200fa004a
:10d20000004f78001e4078000004e00006003a005d
:10d2100050a080000000e0000300320040402100e8
:10d22000560007000f003700c1a0800020a080003a
:10d23000008040009e4078000148780020a08000d7
:10d240000000e80020a0880050a080000000e80056
:10d2500050a0880021a08000e0a080000080600035
:10d2600020a088000080fa00000006000200fa00fa
:10d27000004f7800a1a1800000a180000080400044
:10d280009e4078000148780000a180000000e8007e
:10d2900000a1880030a180000000e80030a18800d3
:10d2a00001a18000c0a180000080600000a1880072
:10d2b0001e4078000004e00002003a000042210015
:10d2c0007a0207000080fa00000006000200fa005f
:10d2d000c1a0800030a0800000804000104f780086
:10d2e00030a080000000e80030a0880060a080002e
:10d2f0000000e90060a0880031a08000e0a080006c
:10d300000080600030a088001e4078000080fa0095
:10d31000000006000200fa00a1a1800010a1800018
:10d3200000804000104f780010a180000000e8004d
:10d3300010a1880040a180000000e90040a1880001
:10d3400011a18000c0a180000080600010a18800b1
:10d350001e4078000080fa00000006000000fa007d
:10d3600001003700ebff070040a180000000e00053
:10d37000fcff3a000080fa00000006000200fa00fc
:10d38000000f78001e007800900890001e007800c2
:10d390006000900000004000008040009e00780087
:10d3a000b1009000010878001e0078006000900035
:10d3b0008000e8001e007800610098001e007800e0
:10d3c000000890008000e8001e0078000108980026
:10d3d0001e0078008000eb00310098001e007800ed
:10d3e000e00090001e0078005008900080806000ef
:10d3f0001e007800610098000080fa00000006001e
:10d400000200fa00000f78001e00780090089000db
:10d410001e00780070009000000040000080400076
:10d42000900078001e007800410098001e007800ef
:10d43000900090001e007800210098001e007800e7
:10d44000c00090001e007800510098001e00780077
:10d45000700090008000e8001e00780071009800c5
:10d460001e007800000890008000e9001e0078008f
:10d47000010898001e007800f00090001e0078005f
:10d4800050089000808060001e00780071009800b5
:10d490000080fa00000006000200fa006a0307009c
:10d4a0000004e0001a0032000040eb009003070087
:10d4b000004f78006a0307000004e00003003a0010
:10d4c00020c0b300d5e8b70011003700d5c8bf00b1
:10d4d000e24f500009003a00dec8bf009e407800cd
:10d4e00080cf50000300320030c0b300d5e8b70051
:10d4f00007003700d568ef0005003700d5c8bf002a
:10d50000e34f500002003a001e4078003bff070046
:10d510000080fa00000006000200fa003e03070047
:10d520000004e000040032002d030700d468ef007f
:10d530002bff07002e0037003d0307000004e0002a
:10d5400002003200d468ef00290037002c030700e6
:10d550000004e00026003200d4c8bf00e14f5000b4
:10d560001c003a00d6c8bf00e24f400006003a0057
:10d570000040eb0058030700d6c8bf000040e80099
:10d58000d6e8b7001a003700d6c8bf00e14f400008
:10d5900006003a00dec8bf004f030700d6c8bf0030
:10d5a0000040e800d6e8b7001100370059ff070037
:10d5b000004f78001e4078000004e00002003a00ae
:10d5c00020c0b300d4e8b7001e4078004203070033
:10d5d00007003700d4c8bf00e24f500004003a00f3
:10d5e000d468ef0010c0b300d7e8b70031030700dc
:10d5f0000080fa00000006000200fa00004f7800e8
:10d6000011479800c9a2a900c982a900c9c2a800ef
:10d61000113a8000f00b20000081600060042000bf
:10d62000710520002374200080497800814978002a
:10d630008249780061368000f00f2e008080600003
:10d6400000702000010070006036880061368000a4
:10d6500000fe2f00008060000030a00060368800cf
:10d660004135800000fe2f0000806000e000b30024
:10d6700040358800103a8000000178000260a00068
:10d680006004200071052000237420008049780088
:10d69000814978008249780041e2a90041a2a900ad
:10d6a0004822ef008540a9009540a900410580006f
:10d6b000f08f2f00008060000080a00040058800ef
:10d6c0004382a9004362a9009e40780061c06000c7
:10d6d0000080fb00610060004a00dd001112800044
:10d6e00001a0a10001007000101288001e409000ef
:10d6f0000080fb00e30f50001e003200e30f5000db
:10d7000007003c00e10f500012003200e10f500012
:10d7100014003c000000e0000a003200290037003d
:10d72000e50f50001b003200e50f500015003500da
:10d73000e60f50001b003200e70f50001d003200c2
:10d74000200037004322a90042c2a9004302a800da
:10d750001c0037004322a90042c2a8004302a900ce
:10d76000180037004322a80042c2a9004302a800c3
:10d77000140037004322a80042c2a8004302a900b7
:10d78000100037004322a80042c2a9004302a900aa
:10d790000c0037004322a90042c2a8004302a8009f
:10d7a000080037004322a90042c2a9004302a90091
:10d7b000040037004322a80042c2a8004302a80088
:10d7c0000000000042e2a9001112800030fe2f008c
:10d7d000008060008001b3001012880010128000e9
:10d7e0003000b3001012880042a2a8004422ef00cb
:10d7f00041e2a8000080fa00000006000000fa00e4
:10d8000041e2a8000080fa00000006000000fa00d3
:10d8100041e2a9000080fa00000006000400fa00be
:10d82000204798002e4090000080fb0040128800a6
:10d830000000000000128000610060000000e000b5
:10d84000fcff320040128000004f78001e4078003c
:10d850000080fa00000006000400fa00100798009b
:10d860009e0090004112880000000000001280001d
:10d87000610060000000e000fcff32004112800007
:10d88000010f78001e0078000080fa0000000600fa
:10d890000200fa000200370040128000004f7800ba
:10d8a00000128000610060000000e000faff3a0012
:10d8b0000080fa00000006000600fa00000f780061
:10d8c0002147980022079800e1c8bf000004e0004b
:10d8d000150032009540a8002e0090007046880088
:10d8e0002e419000018e2000824878009e00780032
:10d8f00051468800cc28ef00e168ef0051468000d7
:10d900006046800000804000104078000080fb00ee
:10d9100040128800604680000000e80060468800f1
:10d9200010c0b300010037000040eb000080fa0097
:10d93000000006001600fa00100f9800210f980052
:10d94000b2ff07000040eb00004f78000040eb0002
:10d95000104798000080eb008080eb0010079800d3
:10d96000210798000040eb00604798005600370000
:10d970006e409000e34f5000070032006e40900070
:10d980000080fb0062001000410020000008dd0064
:10d99000004078000100370010c0b300004f98002d
:10d9a0000040eb00704798004100370081c0b30091
:10d9b0007e40900000c05000104f98006e409000d4
:10d9c000e34f500003003a007e409000e74f5000c4
:10d9d000330032000e4890008080fb001e4890000b
:10d9e0000080fb000088b90000007800cf80de00d6
:10d9f0000001be0000402200410f20005fcb070065
:10da000050079800610798005e019000ee019000b9
:10da10001e089000ae089000800f5100818f5900c1
:10da2000070036005e019000ee0190001e08900095
:10da3000ae089000000051008180590006003700b8
:10da40001e099000ae0990005e009000ee0090006c
:10da5000000051008180590070079800010f980064
:10da60007e0190008e0990001e009000ae00900094
:10da7000800f5100818f59000a0031007e01900013
:10da80008e0990001207980023079800ee4190003d
:10da9000034f7800fe4090001147980001003700c6
:10daa000000000007e4090000040e80070479800b1
:10dab0007e409000e74f5000bcff36006e40900063
:10dac0000040e800604798006e409000e34f50002f
:10dad000a7ff36001e417800634061000080fb0014
:10dae0006300600012128000c1ff2f0081006100fe
:10daf00001007000101288001e4090006740600016
:10db00000080fb00670060004200dd001212800010
:10db100031fe2f00810061000100700010128800aa
:0cdb200036ff07000080fa00000006003d
:020000040000fa
:10bb6000dc0800000200000000000000d008000017
:10bb70000400000000000000041400003800000071
:10bb800002000000000000000000000000000000b3
:10bb9000000000000000000000000000c413c4000a
:10bba0000f000000ff010f00000000000000000077
:10bbb0000000000000000000000000000000000085
:10bbc00000e41300c411000000ff01000f0000009a
:10bbd000c40f00004004000000000000de08000068
:10bbe000020000000200000038000000d40800003d
:10bbf000040000000000000072140000200000009b
:10bc000000000000ca08000006000000000000005c
:10bc1000e00800000200000002000000080100002f
:10bc2000e20800000200000000000000d014000044
:10bc30000a000000020000000004a30011223300eb
:10bc4000c0a800001e000000e8080000dc0600009c
:10bc500000000000000800001000000002000000ca
:10bc6000313932002e313600382e30002e3330007c
:10bc7000000000000000000010080000120000009a
:10bc80000200000030303a0030343a0041333a00cc
:10bc900031313a0032323a003333000022080000da
:10bca0001000000002000000313932002e31360051
:10bcb000382e30002e313300350000000000000027
:10bcc000320800001000000002000000323535008c
:10bcd0002e323500352e320035352e003000000072
:10bce00000000000420800001000000002000000f8
:10bcf000313932002e313600382e30002e3100001e
:10bd000000000000000000005208000002000000d7
:10bd1000020000005b07000054080000180000004b
:10bd200002000000656d6900632d4d0071747400a0
:10bd30000000000000000000000000000000000003
:10bd4000000000006c08000020000000020000005d
:10bd500000010000000000000000000000000000e2
:10bd600000000000000000000000000000000000d3
:10bd70000000000000000000000000008c0800002f
:10bd80002000000002000000000100000000000090
:10bd900000000000000000000000000000000000a3
:10bda0000000000000000000000000000000000093
:10bdb00000000000e4080000020000000200000093
:10bdc0005b070000ac0800001e000000000000003f
:10bdd000da140000040000000200000000002d0042
:10bde0002d000000d8080000040000000000000042
:10bdf000e60800000200000000000000de14000061
:10be000002000000000000003c14000036000000aa
:10be100002000000696e6600696e690074790000b6
:10be20006e616e0000000a00000000006400000067
:10be300000e803000000100027000000a0860100b9
:10be4000004042000f0080009698000000e1f500dd
:10be5000055f70008900ff00092f0f009214000099
:10be60001e00000002000000286e69006c2900001e
:10be700025006800076c09004c836a009074a000dc
:10be80007ac000008068880000846c008200810015
:10be9000b01400001000000002000000494e4600ef
:10bea00000696e0066004e00414e00006e616e003b
:10beb00000000000c014000010000000020000009c
:10bec000494e460000696e0066004e00414e00007b
:10bed0006e616e0000000000e0140000020000002f
:08bee00000000000000000005a
:020000040000fa
:10db2c000400fa00000f7800214798002e40900066
:10db3c008080fb001e007800605090000000fb000d
:10db4c00808f500003003a001e007800540007003c
:10db5c00180037001e007800a00890001e00780006
:10db6c001000780000804000ae4090000148780022
:10db7c001e007800100078008000e8001e0078007d
:10db8c00010878001e007800300090008000e8004a
:10db9c001e007800310098001e007800900078007c
:10dbac001e00780040089000808060001e00780005
:10dbbc00010878000080fa00000006000400fa005a
:10dbcc00000f7800214798001e007800a0089000f4
:10dbdc001e0078001000780000804000ae409000dd
:10dbec00014878001e007800100078008000e800e2
:10dbfc001e007800010878001e00780030009000ac
:10dc0c008000e8001e007800310098001e007800ab
:10dc1c00900078001e007800400890008080600022
:10dc2c001e007800010878000080fa000000060051
:10dc3c000400fa00100798001e009000a008900045
:10dc4c001e0090001000900000804000104f7800e3
:10dc5c001e009000100090008000e8001e00900054
:10dc6c00110098001e009000400090008000e90018
:10dc7c001e009000410098001e0090009000900043
:10dc8c001e00900040089000808060001e009000f4
:10dc9c00110098001e4078000080fa000000060079
:10dcac000200fa00000f78001e0078009008900027
:10dcbc001e007800600090000000400000804000d2
:10dccc009e007800b1009000010878001e007800da
:10dcdc00600090008000e8001e0078006100980051
:10dcec001e007800000890008000e8001e007800fc
:10dcfc00010898001e0078008000eb0031009800ad
:10dd0c001e007800e00090001e0078005008900083
:10dd1c00808060001e007800610098000080fa008e
:10dd2c00000006000200fa00000f78001e007800c8
:10dd3c00900890001e0078007000900000004000d9
:10dd4c0000804000900078001e0078004100980090
:10dd5c001e007800900090001e00780021009800b2
:10dd6c001e007800c00090001e0078005100980042
:10dd7c001e007800700090008000e8001e00780003
:10dd8c00710098001e007800000890008000e900e7
:10dd9c001e007800010898001e007800f00090002a
:10ddac001e00780050089000808060001e007800f3
:10ddbc00710098000080fa00000006000200fa00d2
:10ddcc00000f78001e007800a00090001e00780064
:10dddc00110098001e007800d00090001e00780002
:10ddec00410098000080fa00000006000200fa00d2
:10ddfc00000f78001e007800900090001e00780044
:10de0c0040009000808040001e00780011009800b7
:10de1c001e007800900090001e00780040089000d2
:10de2c00808060001e007800110098001e007800b1
:10de3c008000eb00410098000080fa000000060012
:10de4c000000fa00c04680000000e000070032002d
:10de5c00c04d210080c0eb0001487800d146800005
:10de6c0000002000a24d2100390007000080fa00bc
:10de7c00000006000200fa00004f7800c046800047
:10de8c00a14d21001e417800827078000000e8004e
:10de9c00c0468800c0468000e20f500009003600e2
:10deac00d146800000002000a24d21002800070070
:10debc00d04680000080e800d0468800d828ef00cb
:10decc0004003700c0468000a14d210000c1eb00ca
:10dedc00827078000080fa00000006000800fa004a
:10deec001007980021079800320798001e00900038
:10defc000040780032e0b700ae009000010f7800cf
:10df0c001e0078001000ba00804078003e0090009f
:10df1c00014878003e0090000000e8009e00780068
:10df2c009100ba00c808de008140780001487800f2
:10df3c003e0090000080e8009e0078009180ba00be
:10df4c0081407800014878000080fa00000006004b
:10df5c000c00fa003007980041079800520798000f
:10df6c0030002400003b88004e00900080007800b8
:10df7c000100a100010f78003e00900000407800e5
:10df8c0032e0b7005e0090000000e800104078001e
:10df9c000000fb00100798001e0090004800dd00f8
:10dfac00100798005e009000104078008000fb0085
:10dfbc00f00f2000008060009e00900001007000b7
:10dfcc00100798005e0090000080e8001040780078
:10dfdc00404798001e0078009e0090000108bb008e
:10dfec004e4090008080fb001e0078000188bb0032
:10dffc000500fc0050052000303b8800a00a2000e2
:10e00c00303b880061e7a800000000000000000021
:10e01c0000000000013b8000000028000080600030
:10e02c000000e000fbff3a000080fa000000060050
:10e03c000600fa001007980021079800200424001d
:10e04c00003b8800ae00900000f02f00008f6000b5
:10e05c001e0090000040780032e0b7001e007800ef
:10e06c008000eb000108bb000500fc0050052000ff
:10e07c00303b8800a00a2000303b880061e7a800f4
:10e08c00000000000000000000000000013b8000c8
:10e09c0000002800008060000000e000fbff3a0058
:10e0ac000080fa00000006000200fa00c046800062
:10e0bc000000e00007003a00d1468000000020007c
:10e0cc00a24d210085ff0700d04680000080e800ab
:10e0dc00d0468800c0468000a14d2100614f7800d9
:10e0ec000000e800c0468800c0468000e20f5000e7
:10e0fc0001003600d828ef001e4078000080fa009e
:10e10c00000006000400fa00000f78002147980078
:10e11c001e0078008000eb00823e20000289b900ce
:10e12c00020178006002b90084017800030141000b
:10e13c00833e20000300b8000101410082007800fa
:10e14c0061004000e0804800b3c90700d2cc2c002d
:10e15c00c3fc2300e0c907000001be000040220000
:10e16c0041b72400c1ca070090c90700000078001d
:10e17c00201088000602a9000642a9000622a90068
:10e18c000662a9000682a90006a2a90006c2a9007f
:10e19c0006e2a8000702a9000722a8000742a9006e
:10e1ac000762a9000782a80007a2a8002e409000d1
:10e1bc000080fb00501088000022ef000222ef00cc
:10e1cc0007e2a8009620a8009600a8000080fa009c
:10e1dc00000006000000fa000942a9000080fa00c5
:10e1ec00000006000000fa0008c2a9000080fa0036
:10e1fc00000006000000fa00401080004300de0022
:10e20c00614060000080fa00000006000000fa0087
:10e21c00401080004a00de00614060000080fa007f
:10e22c00000006000000fa00401080004400de00f0
:10e23c00614060000080fa00000006000000fa0057
:10e24c00401080000000d100614060000080fa00a6
:10e25c00000006000000fa00401080004500de00bf
:10e26c00614060000080fa00000006000000fa0027
:10e27c00401080004600de00614060000080fa0023
:10e28c00000006000000fa000602a80000000000d2
:10e29c0030108000610060000000e000fcff3a00dc
:10e2ac000080fa00000006000000fa000642a800f8
:10e2bc000000000030108000640060000000e000ee
:10e2cc00fcff3a000080fa00000006000200fa0091
:10e2dc00004f78001e80fb00101088000080fa00b0
:10e2ec00000006000400fa00204798000040eb00f4
:10e2fc00004f780000108000004f78000782a800c3
:10e30c001e4078000080fa00000006000200fa00af
:10e31c0068005700000f780010c0b300d0fb070056
:10e32c001e00780000017800ceb8970060722c00b7
:10e33c007af407000040eb00c9fb07000080fa00ec
:10e34c00000006000200fa0068005700000f780079
:10e35c0030c0b300c2fb07001e007800000178003b
:10e36c00ceb8970060722c006cf407000040eb00f4
:10e37c00bbfb07000080fa00000006000200fa0058
:10e38c0068005700000f780040c0b300b4fb0700d2
:10e39c0090c0b300b2fb07001e00780000017800ab
:10e3ac00ceb8970060722c005cf407000040eb00c4
:10e3bc00abfb07000080fa00000006000000fa002a
:10e3cc002afb070054fb070068fb07007cfb0700d7
:10e3dc000080fa00000006000200fa00a3ff07000c
:10e3ec000004e000010032007eff0700a0a08000c6
:10e3fc000000e000300032004040210049fe0700e0
:10e40c00affb0700004f78001e4078000004e000ce
:10e41c0005003a0060a080000000e000020032001d
:10e42c00a7fb0700004f78001e00fb00e10f500017
:10e43c0005003200e30f50000800320019003700cd
:10e44c009ffb0700010037000000000060a0800067
:10e45c000000e000faff3a001700370060a08000cf
:10e46c000000e0001300320095fb07008000fb0069
:10e47c0020052000808f500003003a000700370071
:10e48c008ffb0700010037000000000060a0800037
:10e49c000000e000faff3a00000000000600370020
:10e4ac0087fb070060a080000000e000fcff3a0042
:10e4bc000100370000000000d7c8bf00e14f50003a
:10e4cc0005003a0057ff07000004e000020032008c
:10e4dc00d768ef009efb070080a180000000e000e1
:10e4ec000900320043ff07000004e00006003a0078
:10e4fc00d7c8bf00e14f500002003a00d768ef00c8
:10e50c0001003700f7fa07000080fa00000006004f
:020000040000fa
:10bee8000200fa00d828ef00010026000000200018
:10bef8005008070000002600d0468800e0c4b300c0
:10bf0800dd07070000802000000f780004003700dc
:10bf18001e00780010407800d70707001e0fe800c1
:10bf2800c08a20009e007800808f5000f8ff3900fa
:10bf3800c40707000080fa00000006000200fa00ab
:10bf4800d828ef0000002600d046880057080700d0
:10bf5800e1c4b300814f50000c003a00008020007b
:10bf6800000f780004003700500807009e00780092
:10bf7800804878001e0fe800c08a20009e007800e4
:10bf8800808f5000f8ff39000100370000000000e2
:10bf98000080fa00000006000000fa0080468000d9
:10bfa800914680000080fa00000006000000fa00b8
:10bfb800804680009146800061004000e080480093
:10bfc80080468800914688000080fa00000006003c
:10bfd8000000fa00a0fd25006c0907000080fa00a7
:04bfe800000006004f
:020000040000fa
:10e51c000000fa0000042300203a88000080eb0081
:10e52c00601988000080fa00000006000000fa0064
:10e53c00f7ff0700a5f60700a9f607009fff0700e5
:10e54c00dcf00700a4ff070031f10700fdff3700e6
:020000040000fa
:10e55c00f03fb1000180b10006003500ee03090068
:10e56c0000000000403fb1000180b100fbff3d0006
:10e57c001000b000203fb000020035000080090000
:08e58c00000000000000060081
:020000040000fa
:10e594000200fa00000f78009e007800e14688002f
:10e5a40000022800f0088800a00f2000d00888008e
:10e5b4009760a8000080fa00000006000000fa003e
:10e5c400e1702c0000712c0044f207000080fa0076
:04e5d400000006003d
:020000040000fa
:10bfec000000fa00c8e2a9000080fa000000060078
:00000001FF
